Invoice Date,Branch Location,Order Number,Invoice Number,Line Sequence,Item Number,Description,Division,Sales UOM,Tier,Item Discount Type,Units Sold,Projected Units,Status Quo Sales,Projected Gross Sales,Per SF Discount,Division 3 Discount %,Square Foot Discount Cost,Division 3 Discount Cost,Program Revenue After Discount,Cash Back Cost,Ship Via,Delivery Fee Waiver Applied,Order Delivery Fee Revenue,Order Delivery Fee Waiver Cost,Line Delivery Fee Waiver Allocation,Program Revenue,Incremental Benefit
2026-07-31,3,689923,366686,1.0,RH2SRSNB,"1/2 x 2"" SELECT R/O NESTED BND",1,SF,Diamond,Division 1 per-SF,300.0,330.0,1077.0,1184.7,0.75,0.0,247.5,0.0,937.2,9.372,W/C SAN DIEGO,No,0.0,0.0,0.0,927.8280000000001,-149.1719999999999
2026-07-30,3,689648,366681,2.0,GFALO9503,"EURO OAK 9.5"" DOMA",1,SF,Diamond,Division 1 per-SF,293.88,323.26800000000003,2171.77,2388.947,0.75,0.0,242.45100000000002,0.0,2146.496,21.46496,OUR TRUCK,No,0.0,0.0,0.0,2125.0310400000003,-46.73895999999968
2026-07-29,3,689454,366642,1.0,ADDUCO4,DUVALL CORK ADHESIVE 4 GAL,3,4G,Diamond,,2.0,2.2,101.38,111.518,0.75,0.0,0.0,0.0,111.518,1.11518,OUR TRUCK,No,0.0,0.0,0.0,110.40282,9.02282000000001
2026-07-29,3,689454,366642,2.0,UNCOAC14,"1/4"" ACOUSTIC CORK SHEETS 2x3",3,SF,Diamond,,618.0,679.8000000000001,550.02,605.022,0.75,0.0,0.0,0.0,605.022,6.05022,OUR TRUCK,No,0.0,0.0,0.0,598.9717800000001,48.9517800000001
2026-07-23,3,686967,366441,2.0,GFALO9503,"EURO OAK 9.5"" DOMA",1,SF,Diamond,Division 1 per-SF,367.35,404.08500000000004,2714.72,2986.192,0.75,0.0,303.06375,0.0,2683.1282499999998,26.831282499999997,OUR TRUCK,No,0.0,0.0,0.0,2656.2969675,-58.42303249999986
2026-07-23,3,688046,366442,1.0,GFLEO9504,"EURO OAK 9.5"" ROMANTIQUE",1,SF,Diamond,Division 1 per-SF,795.9,875.49,4926.62,5419.282,0.75,0.0,656.6175000000001,0.0,4762.6645,47.626644999999996,OUR TRUCK,No,0.0,0.0,0.0,4715.037855,-211.5821450000003
2026-07-20,3,686762,366340,2.0,GFALO9503,"EURO OAK 9.5"" DOMA",1,SF,Diamond,Division 1 per-SF,1616.34,1777.9740000000002,11944.75,13139.225,0.75,0.0,1333.4805000000001,0.0,11805.7445,118.05744500000002,OUR TRUCK,No,0.0,0.0,0.0,11687.687055,-257.0629449999997
2026-07-16,3,685910,366259,1.0,UNCOAC12,"1/2"" ACOUSTIC CORK SHEETS 2x3",3,SF,Diamond,,3000.0,3300.0000000000005,5070.0,5577.0,0.75,0.0,0.0,0.0,5577.0,55.77,OUR TRUCK,No,0.0,0.0,0.0,5521.23,451.22999999999956
2026-07-08,3,683933,365961,1.0,UNCOAC12,"1/2"" ACOUSTIC CORK SHEETS 2x3",3,SF,Diamond,,654.0,719.4000000000001,1105.26,1215.786,0.75,0.0,0.0,0.0,1215.786,12.157860000000001,OUR TRUCK,No,0.0,0.0,0.0,1203.62814,98.36814000000004
2026-07-07,8,683039,050251,2.0,GCSETBH-2828,SAMPLE SET - BEVERLY HILLS,5,EA,Diamond,,1.0,1.1,250.0,275.0,0.75,0.0,0.0,0.0,275.0,2.75,W/C VERNON,No,0.0,0.0,0.0,272.25,22.25
2026-07-07,8,683039,050251,3.0,PROMOTIONS,PROMOTIONS,0,EA,Diamond,,-1.0,-1.1,-276.25,-303.875,0.75,0.0,0.0,0.0,-303.875,0.0,W/C VERNON,No,0.0,0.0,0.0,-303.875,-27.625
2026-07-02,8,681249,CM4439,1.0,GHNPO207,"EUR.OAK 7.5"" SHELL BEACH (1/2""",1,SF,Diamond,,-233.2,-256.52,-860.51,-946.561,0.75,0.0,0.0,0.0,-946.561,0.0,W/C VERNON,No,0.0,0.0,0.0,-946.561,-86.05100000000004
2026-07-01,8,679166,050268,2.0,PROMOTIONS,PROMOTIONS,0,EA,Diamond,,-1.0,-1.1,-11.05,-12.155000000000001,0.75,0.0,0.0,0.0,-12.155000000000001,0.0,W/C VERNON,No,0.0,0.0,0.0,-12.155000000000001,-1.1050000000000004
2026-07-01,8,679166,050268,3.0,GCKEYSET74,HANDSET - OMP APPALACHIAN,5,EA,Diamond,,1.0,1.1,10.0,11.0,0.75,0.0,0.0,0.0,11.0,0.11,W/C VERNON,No,0.0,0.0,0.0,10.89,0.8900000000000006
2026-06-25,3,681255,365598,2.0,GHNPO207,"EUR.OAK 7.5"" SHELL BEACH (1/2""",1,SF,Diamond,Division 1 per-SF,233.2,256.52,837.19,920.9090000000001,0.75,0.0,192.39,0.0,728.5190000000001,7.285190000000001,W/C VERNON,No,0.0,0.0,0.0,721.2338100000001,-115.95618999999999
2026-06-24,3,680515,365539,1.0,GHNPO207,"EUR.OAK 7.5"" SHELL BEACH (1/2""",1,SF,Diamond,Division 1 per-SF,2775.08,3052.588,9962.54,10958.794000000002,0.75,0.0,2289.4410000000003,0.0,8669.353000000001,86.69353000000001,OUR TRUCK,No,0.0,0.0,0.0,8582.65947,-1379.8805300000004
2026-06-19,3,679074,365353,2.0,GFBHO9507,"EURO OAK 9.5"" ALPINE",1,SF,Diamond,Division 1 per-SF,318.36,350.196,1684.12,1852.532,0.75,0.0,262.64700000000005,0.0,1589.8849999999998,15.898849999999998,W/C SAN DIEGO,No,0.0,0.0,0.0,1573.9861499999997,-110.13385000000017
2026-06-19,3,679079,365354,2.0,GNIIH551,"HICKORY 5"" CHATEAU DISTRESSED",1,SF,Diamond,Division 1 per-SF,17.5,19.25,99.58,109.53800000000001,0.75,0.0,14.4375,0.0,95.10050000000001,0.9510050000000001,W/C SAN DIEGO,No,0.0,0.0,0.0,94.14949500000002,-5.430504999999982
2026-06-12,3,676840,365310,3.0,GHCVO31468,"W/O PR.WHEAT ENG 3-1/4"" 2MM",1,SF,Diamond,Division 1 per-SF,224.0,246.40000000000003,983.36,1081.6960000000001,0.75,0.0,184.8,0.0,896.8960000000002,8.968960000000003,W/C SAN DIEGO,No,0.0,0.0,0.0,887.9270400000001,-95.43295999999987
2026-06-12,3,676840,365310,4.0,GHCVO31468,"W/O PR.WHEAT ENG 3-1/4"" 2MM",1,SF,Diamond,Division 1 per-SF,470.4,517.44,2065.06,2271.5660000000003,0.75,0.0,388.08000000000004,0.0,1883.4860000000003,18.834860000000003,W/C SAN DIEGO,No,0.0,0.0,0.0,1864.6511400000004,-200.40885999999955
2026-06-04,3,675570,364947,1.0,GFLEO9501,"EURO OAK 9.5"" BRESCIA",1,SF,Diamond,Division 1 per-SF,864.12,950.532,5348.9,5883.79,0.75,0.0,712.899,0.0,5170.891,51.708909999999996,OUR TRUCK,No,0.0,0.0,0.0,5119.182089999999,-229.7179100000003
2026-06-04,3,675570,364947,2.0,MOBBMD302,"9/16 X 3-7/8"" 302 MDF BASE",7,EA,Diamond,,21.0,23.1,213.99,235.38900000000004,0.75,0.0,0.0,0.0,235.38900000000004,2.3538900000000003,OUR TRUCK,No,0.0,0.0,0.0,233.03511000000003,19.045110000000022
2026-06-02,3,674917,364851,1.0,GNSSM554,"MAPLE 5"" SMOOTH WHEAT",1,SF,Diamond,Division 1 per-SF,1662.5,1828.7500000000002,7963.38,8759.718,0.75,0.0,1371.5625000000002,0.0,7388.155500000001,73.881555,OUR TRUCK,No,0.0,0.0,0.0,7314.273945000001,-649.1060549999993
2026-05-15,3,669968,364459,2.0,GFBHO9507,"EURO OAK 9.5"" ALPINE",1,SF,Diamond,Division 1 per-SF,1250.7,1375.7700000000002,6616.2,7277.820000000001,0.75,0.0,1031.8275,0.0,6245.9925,62.459925000000005,W/C SAN DIEGO,No,0.0,0.0,0.0,6183.532575,-432.66742499999964
2026-05-14,3,664561,364423,2.0,GFBHO9505,"EURO OAK 9.5"" RODEO DRIVE",1,SF,Diamond,Division 1 per-SF,682.2,750.4200000000001,3677.06,4044.766,0.75,0.0,562.815,0.0,3481.951,34.81951,OUR TRUCK,No,0.0,0.0,0.0,3447.13149,-229.92850999999973
2026-05-12,3,669971,364311,9.0,GHEXA5147,1/2 X 5 ACACIA DIST. GOLD,1,SF,Diamond,Division 1 per-SF,620.13,682.143,3218.47,3540.317,0.75,0.0,511.60725,0.0,3028.70975,30.2870975,OUR TRUCK,No,0.0,0.0,0.0,2998.4226525,-220.0473474999999
2026-05-12,3,669971,364311,10.0,GHEXA5147,1/2 X 5 ACACIA DIST. GOLD,1,SF,Diamond,Division 1 per-SF,708.72,779.5920000000001,3678.26,4046.0860000000007,0.75,0.0,584.6940000000001,0.0,3461.3920000000007,34.61392000000001,OUR TRUCK,No,0.0,0.0,0.0,3426.778080000001,-251.48191999999926
2026-05-12,8,669460,CM4412,1.0,GHEXPR538,1/2 X 5 PATAGONIAN ROSEWOOD,1,SF,Diamond,,-34.94,-38.434,-209.29,-230.21900000000002,0.75,0.0,0.0,0.0,-230.21900000000002,0.0,W/C VERNON,No,0.0,0.0,0.0,-230.21900000000002,-20.92900000000003
2026-05-08,3,667829,364212,2.0,GHNPO206,"EURO OAK 7.5"" PEB.BEACH (1/2"")",1,SF,Diamond,Division 1 per-SF,93.28,102.608,334.88,368.36800000000005,0.75,0.0,76.956,0.0,291.41200000000003,2.9141200000000005,W/C SAN DIEGO,No,0.0,0.0,0.0,288.49788,-46.382119999999986
2026-05-08,3,668198,364213,1.0,GHNPO206,"EURO OAK 7.5"" PEB.BEACH (1/2"")",1,SF,Diamond,Division 1 per-SF,139.92,153.912,502.31,552.541,0.75,0.0,115.434,0.0,437.1070000000001,4.371070000000001,W/C SAN DIEGO,No,0.0,0.0,0.0,432.7359300000001,-69.57406999999989
2026-05-08,3,669157,364237,1.0,GNSSM508,"MAPLE 5"" SMOOTH ESPRESSO",1,SF,Diamond,Division 1 per-SF,280.0,308.0,1369.2,1506.1200000000001,0.75,0.0,231.0,0.0,1275.1200000000001,12.7512,OUR TRUCK,No,0.0,0.0,0.0,1262.3688000000002,-106.83119999999985
2026-05-06,3,668895,364166,1.0,GFLEO7501,"EURO OAK 7.5"" BIANCA",1,SF,Diamond,Division 1 per-SF,652.96,718.2560000000001,3519.45,3871.395,0.75,0.0,538.692,0.0,3332.703,33.32703,W/C EXPRESS,No,0.0,0.0,0.0,3299.37597,-220.07402999999977
2026-05-04,8,667117,CM4405,1.0,GNSSH538,"HICKORY 5"" SMOOTH NATURAL",1,SF,Diamond,,-17.5,-19.25,-96.08,-105.688,0.75,0.0,0.0,0.0,-105.688,0.0,W/C VERNON,No,0.0,0.0,0.0,-105.688,-9.608000000000004
2026-04-30,3,667104,363902,2.0,GNIIM506,"MAPLE 5"" CHESTNUT DISTRESSED",1,SF,Diamond,Division 1 per-SF,105.0,115.50000000000001,534.45,587.8950000000001,0.75,0.0,86.62500000000001,0.0,501.2700000000001,5.0127000000000015,W/C VERNON,No,0.0,0.0,0.0,496.2573000000001,-38.192699999999945
2026-04-30,3,667127,363903,2.0,GNSSH538,"HICKORY 5"" SMOOTH NATURAL",1,SF,Diamond,Division 1 per-SF,17.5,19.25,96.08,105.688,0.75,0.0,14.4375,0.0,91.2505,0.912505,W/C VERNON,No,0.0,0.0,0.0,90.337995,-5.742004999999992
2026-04-28,3,666307,363826,1.0,GHNPO200,"EURO OAK 7.5"" CARMEL (1/2"")",1,SF,Diamond,Division 1 per-SF,1259.28,1385.208,4394.89,4834.379000000001,0.75,0.0,1038.906,0.0,3795.473000000001,37.95473000000001,OUR TRUCK,No,0.0,0.0,0.0,3757.518270000001,-637.3717299999994
2026-04-20,3,663207,363552,2.0,GHCVO568,"W/O PR.WHEAT ENG 5"" 2MM",1,SF,Diamond,Division 1 per-SF,17.5,19.25,83.83,92.21300000000001,0.75,0.0,14.4375,0.0,77.77550000000001,0.7777550000000001,W/C SAN DIEGO,No,0.0,0.0,0.0,76.99774500000001,-6.832254999999989
2026-04-18,3,661972,363533,2.0,GFALO7502,"EURO OAK 7.5"" ARIA",1,SF,Diamond,Division 1 per-SF,349.56,384.516,2443.42,2687.762,0.75,0.0,288.387,0.0,2399.375,23.993750000000002,W/C SAN DIEGO,No,0.0,0.0,0.0,2375.38125,-68.03875000000016
2026-04-18,3,662328,363534,2.0,GHEXA5147,1/2 X 5 ACACIA DIST. GOLD,1,SF,Diamond,Division 1 per-SF,442.95,487.245,2298.91,2528.801,0.75,0.0,365.43375000000003,0.0,2163.36725,21.6336725,W/C SAN DIEGO,No,0.0,0.0,0.0,2141.7335774999997,-157.17642250000017
2026-04-17,3,663783,363550,1.0,GHCVO568,"W/O PR.WHEAT ENG 5"" 2MM",1,SF,Diamond,Division 1 per-SF,875.0,962.5000000000001,4191.25,4610.375,0.75,0.0,721.8750000000001,0.0,3888.5,38.885,OUR TRUCK,No,0.0,0.0,0.0,3849.615,-341.6350000000002
2026-04-17,3,663783,363550,2.0,MOBBMD387MUL4,1/2 X 4-1/2 1RE CRAFTSMAN BASE,7,EA,Diamond,,20.0,22.0,157.8,173.58,0.75,0.0,0.0,0.0,173.58,1.7358000000000002,OUR TRUCK,No,0.0,0.0,0.0,171.8442,14.04419999999999
2026-04-16,8,660797,049684,2.0,GHEXPR538,1/2 X 5 PATAGONIAN ROSEWOOD,1,SF,Diamond,Division 1 per-SF,3109.66,3420.626,18315.9,20147.49,0.75,0.0,2565.4695,0.0,17582.020500000002,175.82020500000002,W/C SAN DIEGO,No,0.0,0.0,0.0,17406.200295000002,-909.6997049999991
2026-04-07,8,660941,049609,2.0,GHEXPR538,1/2 X 5 PATAGONIAN ROSEWOOD,1,SF,Diamond,Division 1 per-SF,34.94,38.434,209.29,230.21900000000002,0.75,0.0,28.825499999999998,0.0,201.39350000000002,2.013935,W/C VERNON,No,0.0,0.0,0.0,199.379565,-9.910434999999978
2026-04-06,8,660835,CM4391,1.0,GFALO9503,"EURO OAK 9.5"" DOMA",1,SF,Diamond,,-2546.96,-2801.6560000000004,-19076.73,-20984.403000000002,0.75,0.0,0.0,0.0,-20984.403000000002,0.0,OUR TRUCK,No,0.0,0.0,0.0,-20984.403000000002,-1907.6730000000025
2026-04-06,8,660835,CM4391,2.0,GFALO9503,"EURO OAK 9.5"" DOMA",1,SF,Diamond,Division 1 per-SF,2546.96,2801.6560000000004,18567.34,20424.074,0.75,0.0,2101.242,0.0,18322.832000000002,183.22832000000002,OUR TRUCK,No,0.0,0.0,0.0,18139.603680000004,-427.73631999999634
2026-04-06,8,660835,CM4391,3.0,GFALO9503,"EURO OAK 9.5"" DOMA",1,SF,Diamond,,-416.33,-457.963,-3118.31,-3430.141,0.75,0.0,0.0,0.0,-3430.141,0.0,OUR TRUCK,No,0.0,0.0,0.0,-3430.141,-311.83100000000013
2026-04-06,8,660835,CM4391,4.0,GFALO9503,"EURO OAK 9.5"" DOMA",1,SF,Diamond,Division 1 per-SF,416.33,457.963,3035.05,3338.5550000000003,0.75,0.0,343.47225000000003,0.0,2995.0827500000005,29.950827500000006,OUR TRUCK,No,0.0,0.0,0.0,2965.1319225000007,-69.91807749999953
2026-04-06,8,660835,CM4391,5.0,GFALPH403-L,4-3/4 X 23-5/8 HB DOMA (L),1,SF,Diamond,,-139.5,-153.45000000000002,-1323.86,-1456.246,0.75,0.0,0.0,0.0,-1456.246,0.0,OUR TRUCK,No,0.0,0.0,0.0,-1456.246,-132.3860000000002
2026-04-06,8,660835,CM4391,6.0,GFALPH403-L,4-3/4 X 23-5/8 HB DOMA (L),1,SF,Diamond,Division 1 per-SF,139.5,153.45000000000002,1309.91,1440.9010000000003,0.75,0.0,115.0875,0.0,1325.8135000000002,13.258135000000003,OUR TRUCK,No,0.0,0.0,0.0,1312.5553650000002,2.6453650000000835
2026-04-06,8,660835,CM4391,7.0,GFALPH403-R,4-3/4 X 23-5/8 HB DOMA (R),1,SF,Diamond,,-139.5,-153.45000000000002,-1323.86,-1456.246,0.75,0.0,0.0,0.0,-1456.246,0.0,OUR TRUCK,No,0.0,0.0,0.0,-1456.246,-132.3860000000002
2026-04-06,8,660835,CM4391,8.0,GFALPH403-R,4-3/4 X 23-5/8 HB DOMA (R),1,SF,Diamond,Division 1 per-SF,139.5,153.45000000000002,1309.91,1440.9010000000003,0.75,0.0,115.0875,0.0,1325.8135000000002,13.258135000000003,OUR TRUCK,No,0.0,0.0,0.0,1312.5553650000002,2.6453650000000835
2026-04-06,8,660836,CM4392,1.0,GFCOO7PS,5/8 X 7 PREMIUM W/O S.E,1,SF,Diamond,,-1207.0,-1327.7,-7833.43,-8616.773000000001,0.75,0.0,0.0,0.0,-8616.773000000001,0.0,OUR TRUCK,No,0.0,0.0,0.0,-8616.773000000001,-783.3430000000008
2026-04-06,8,660836,CM4392,2.0,GFCOO7PS,5/8 X 7 PREMIUM W/O S.E,1,SF,Diamond,Division 1 per-SF,1207.0,1327.7,7712.73,8484.003,0.75,0.0,995.7750000000001,0.0,7488.228000000001,74.88228000000001,OUR TRUCK,No,0.0,0.0,0.0,7413.345720000001,-299.3842799999984
2026-03-30,8,658694,049543,1.0,GFALO9503,"EURO OAK 9.5"" DOMA",1,SF,Diamond,Division 1 per-SF,2546.96,2801.6560000000004,19076.73,20984.403000000002,0.75,0.0,2101.242,0.0,18883.161,188.83161,OUR TRUCK,No,0.0,0.0,0.0,18694.32939,-382.4006100000006
2026-03-30,8,658694,049543,2.0,GFALO9503,"EURO OAK 9.5"" DOMA",1,SF,Diamond,Division 1 per-SF,416.33,457.963,3118.31,3430.141,0.75,0.0,343.47225000000003,0.0,3086.66875,30.866687499999998,OUR TRUCK,No,0.0,0.0,0.0,3055.8020625,-62.507937500000025
2026-03-30,8,658694,049543,3.0,GFALPH403-L,4-3/4 X 23-5/8 HB DOMA (L),1,SF,Diamond,Division 1 per-SF,139.5,153.45000000000002,1323.86,1456.246,0.75,0.0,115.0875,0.0,1341.1585,13.411585,OUR TRUCK,No,0.0,0.0,0.0,1327.746915,3.8869150000000445
2026-03-30,8,658694,049543,4.0,GFALPH403-R,4-3/4 X 23-5/8 HB DOMA (R),1,SF,Diamond,Division 1 per-SF,139.5,153.45000000000002,1323.86,1456.246,0.75,0.0,115.0875,0.0,1341.1585,13.411585,OUR TRUCK,No,0.0,0.0,0.0,1327.746915,3.8869150000000445
2026-03-27,3,656995,362889,2.0,GHNPO206,"EURO OAK 7.5"" PEB.BEACH (1/2"")",1,SF,Diamond,Division 1 per-SF,3334.76,3668.2360000000003,11971.79,13168.969000000003,0.75,0.0,2751.177,0.0,10417.792000000003,104.17792000000003,W/C SAN DIEGO,No,0.0,0.0,0.0,10313.614080000003,-1658.1759199999979
2026-03-27,8,656133,049513,2.0,GNIIM554,"MAPLE 5"" WHEAT DISTRESSED",1,SF,Diamond,Division 1 per-SF,35.0,38.5,178.15,195.96500000000003,0.75,0.0,28.875,0.0,167.09000000000003,1.6709000000000003,W/C SAN DIEGO,No,0.0,0.0,0.0,165.41910000000004,-12.730899999999963
2026-03-26,8,657505,049511,1.0,GNIIH538,"HICKORY 5"" NATURAL DISTRESSED",1,SF,Diamond,Division 1 per-SF,997.5,1097.25,5576.03,6133.633,0.75,0.0,822.9375,0.0,5310.6955,53.106955,OUR TRUCK,No,0.0,0.0,0.0,5257.588545,-318.44145500000013
2026-03-26,8,657841,049512,1.0,GNIIW538,"WALNUT 5"" NATURAL DISTRESSED",1,SF,Diamond,Division 1 per-SF,700.0,770.0000000000001,4123.0,4535.3,0.75,0.0,577.5000000000001,0.0,3957.8,39.578,OUR TRUCK,No,0.0,0.0,0.0,3918.222,-204.7779999999998
2026-03-20,8,656719,049453,1.0,RH2SRSNB,"1/2 x 2"" SELECT R/O NESTED BND",1,SF,Diamond,Division 1 per-SF,75.0,82.5,269.25,296.175,0.75,0.0,61.875,0.0,234.3,2.343,W/C VERNON,No,0.0,0.0,0.0,231.95700000000002,-37.29299999999998
2026-03-20,8,654065,049455,2.0,GFLEW7501,"WALNUT 7.5"" NATURAL",1,SF,Diamond,Division 1 per-SF,606.32,666.9520000000001,4177.54,4595.294000000001,0.75,0.0,500.21400000000006,0.0,4095.080000000001,40.95080000000001,OUR TRUCK,No,0.0,0.0,0.0,4054.1292000000008,-123.4107999999992
2026-03-20,8,654182,049530,2.0,GFCOO7PS,5/8 X 7 PREMIUM W/O S.E,1,SF,Diamond,Division 1 per-SF,1207.0,1327.7,7833.43,8616.773000000001,0.75,0.0,995.7750000000001,0.0,7620.998000000001,76.20998000000002,OUR TRUCK,No,0.0,0.0,0.0,7544.788020000002,-288.6419799999985
2026-03-19,5,654498,753884,2.0,GFALO7506,"EURO OAK 7.5"" STRADA",1,SF,Diamond,Division 1 per-SF,1437.08,1580.788,9901.48,10891.628,0.75,0.0,1185.591,0.0,9706.037,97.06037,W/C SAN DIEGO,No,0.0,0.0,0.0,9608.976630000001,-292.50336999999854
2026-03-19,8,653654,049441,2.0,GHNPO212,"EURO OAK 7.5"" PARADISE COVE",1,SF,Diamond,Division 1 per-SF,2495.24,2744.764,8957.91,9853.701000000001,0.75,0.0,2058.5730000000003,0.0,7795.128000000001,77.95128000000001,W/C SAN DIEGO,No,0.0,0.0,0.0,7717.17672,-1240.7332799999995
2026-03-12,5,654498,753042,2.0,GFALO7506,"EURO OAK 7.5"" STRADA",1,SF,Diamond,Division 1 per-SF,19.42,21.362000000000002,135.75,149.32500000000002,0.75,0.0,16.021500000000003,0.0,133.3035,1.3330350000000002,W/C VERNON,No,0.0,0.0,0.0,131.97046500000002,-3.7795349999999814
2026-03-10,8,644854,049367,2.0,PROMOTIONS,PROMOTIONS,0,EA,Diamond,,-1.0,-1.1,-276.25,-303.875,0.75,0.0,0.0,0.0,-303.875,0.0,W/C VERNON,No,0.0,0.0,0.0,-303.875,-27.625
2026-03-10,8,644854,049367,3.0,GCSETBH-2828,SAMPLE SET - BEVERLY HILLS,5,EA,Diamond,,1.0,1.1,250.0,275.0,0.75,0.0,0.0,0.0,275.0,2.75,W/C VERNON,No,0.0,0.0,0.0,272.25,22.25
2026-02-25,8,650343,049280,1.0,GNSSH538,"HICKORY 5"" SMOOTH NATURAL",1,SF,Diamond,Division 1 per-SF,700.0,770.0000000000001,3843.0,4227.3,0.75,0.0,577.5000000000001,0.0,3649.8,36.498000000000005,OUR TRUCK,No,0.0,0.0,0.0,3613.302,-229.69799999999987
2026-02-18,8,648017,049233,1.0,GNIIM508,"MAPLE 5"" ESPRESSO DISTRESSED",1,SF,Diamond,Division 1 per-SF,175.0,192.50000000000003,890.75,979.825,0.75,0.0,144.37500000000003,0.0,835.45,8.3545,W/C CARSON,No,0.0,0.0,0.0,827.0955,-63.654499999999985
2026-02-17,8,646501,049216,1.0,GFBHO9502,"EURO OAK 9.5"" CANON",1,SF,Diamond,Division 1 per-SF,2137.56,2351.3160000000003,9597.64,10557.404,0.75,0.0,1763.487,0.0,8793.917000000001,87.93917000000002,OUR TRUCK,No,0.0,0.0,0.0,8705.977830000002,-891.6621699999978
2026-02-11,8,646999,049173,1.0,GVVNFNO904,FLUSH NOSING - COSMOS,7,EA,Diamond,,10.0,11.0,349.9,384.89,0.75,0.0,0.0,0.0,384.89,3.8489,OUR TRUCK,No,0.0,0.0,0.0,381.0411,31.141099999999994
2026-02-11,8,646999,049173,2.0,GVVN904,"6.5MM 9"" X 60"" - COSMOS",1,SF,Diamond,Division 1 per-SF,2104.96,2315.456,3557.38,3913.1180000000004,0.75,0.0,1736.592,0.0,2176.5260000000003,21.765260000000005,OUR TRUCK,No,0.0,0.0,0.0,2154.76074,-1402.61926
2026-02-11,8,646999,049173,3.0,GVVN904,"6.5MM 9"" X 60"" - COSMOS",1,SF,Diamond,Division 1 per-SF,297.44,327.184,502.67,552.937,0.75,0.0,245.38800000000003,0.0,307.549,3.07549,OUR TRUCK,No,0.0,0.0,0.0,304.47351,-198.19649000000004
2026-02-10,8,645884,049164,1.0,RH2SRSNB,"1/2 x 2"" SELECT R/O NESTED BND",1,SF,Diamond,Division 1 per-SF,25.0,27.500000000000004,89.75,98.72500000000001,0.75,0.0,20.625000000000004,0.0,78.10000000000001,0.7810000000000001,W/C SAN DIEGO,No,0.0,0.0,0.0,77.319,-12.430999999999997
2026-02-06,8,645550,049137,1.0,GHNPO207,"EUR.OAK 7.5"" SHELL BEACH (1/2""",1,SF,Diamond,Division 1 per-SF,2984.96,3283.456,10716.01,11787.611,0.75,0.0,2462.592,0.0,9325.019,93.25019,OUR TRUCK,No,0.0,0.0,0.0,9231.76881,-1484.2411900000006
2026-02-06,8,645804,049138,1.0,ADBOG69931,BOSTIK'S VAPOR LOCK 4 GALLON,3,EA,Diamond,,2.0,2.2,283.18,311.49800000000005,0.75,0.0,0.0,0.0,311.49800000000005,3.1149800000000005,OUR TRUCK,No,0.0,0.0,0.0,308.38302000000004,25.203020000000038
2026-02-06,8,645804,049138,3.0,UNCOAC12,"1/2"" ACOUSTIC CORK SHEETS 2x3",3,SF,Diamond,,48.0,52.800000000000004,85.92,94.51200000000001,0.75,0.0,0.0,0.0,94.51200000000001,0.9451200000000002,OUR TRUCK,No,0.0,0.0,0.0,93.56688000000001,7.64688000000001
2026-02-06,8,645804,049138,4.0,UNCOAC12,"1/2"" ACOUSTIC CORK SHEETS 2x3",3,SF,Diamond,,102.0,112.2,182.58,200.83800000000002,0.75,0.0,0.0,0.0,200.83800000000002,2.0083800000000003,OUR TRUCK,No,0.0,0.0,0.0,198.82962000000003,16.24962000000002
2026-02-06,8,645804,049138,5.0,GHEXB538,1/2 X 5 2MM BRAZILIAN CHERRY,1,SF,Diamond,Division 1 per-SF,69.88,76.868,334.73,368.20300000000003,0.75,0.0,57.650999999999996,0.0,310.552,3.1055200000000003,OUR TRUCK,No,0.0,0.0,0.0,307.44648,-27.28352000000001
2026-02-04,8,645219,049113,1.0,RH2SRSNB,"1/2 x 2"" SELECT R/O NESTED BND",1,SF,Diamond,Division 1 per-SF,50.0,55.00000000000001,179.5,197.45000000000002,0.75,0.0,41.25000000000001,0.0,156.20000000000002,1.5620000000000003,W/C SAN DIEGO,No,0.0,0.0,0.0,154.638,-24.861999999999995
2026-01-30,8,644119,049093,1.0,ETCBB5145,3/8 X 5 DIST BIRCH SPICE,1,SF,Diamond,Division 1 per-SF,262.5,288.75,784.88,863.368,0.75,0.0,216.5625,0.0,646.8055,6.4680550000000006,OUR TRUCK,No,0.0,0.0,0.0,640.337445,-144.542555
2026-01-30,8,644120,049094,1.0,GHEXA5147,1/2 X 5 ACACIA DIST. GOLD,1,SF,Diamond,Division 1 per-SF,502.01,552.211,2103.42,2313.762,0.75,0.0,414.15825,0.0,1899.6037500000002,18.996037500000003,OUR TRUCK,No,0.0,0.0,0.0,1880.6077125000002,-222.8122874999999
2026-01-29,8,643676,049084,1.0,GHEXA5147,1/2 X 5 ACACIA DIST. GOLD,1,SF,Diamond,Division 1 per-SF,2214.75,2436.2250000000004,9279.8,10207.78,0.75,0.0,1827.1687500000003,0.0,8380.61125,83.8061125,OUR TRUCK,No,0.0,0.0,0.0,8296.8051375,-982.9948624999997
2026-01-20,8,640992,049018,1.0,GHNPO207,"EUR.OAK 7.5"" SHELL BEACH (1/2""",1,SF,Diamond,Division 1 per-SF,1842.28,2026.508,6613.79,7275.169000000001,0.75,0.0,1519.881,0.0,5755.2880000000005,57.55288000000001,OUR TRUCK,No,0.0,0.0,0.0,5697.73512,-916.0548799999997
2026-01-15,8,640020,048985,2.0,GCRACK21,ALLORA SINGLE WATERFALL RACK,5,EA,Diamond,,2.0,2.2,300.0,330.0,0.75,0.0,0.0,0.0,330.0,3.3000000000000003,OUR TRUCK,No,0.0,0.0,0.0,326.7,26.69999999999999
2026-01-15,8,640020,048985,3.0,GCSETAL-2228,"SAMPLE SET - 7.5"" ALLORA",5,EA,Diamond,,1.0,1.1,50.0,55.00000000000001,0.75,0.0,0.0,0.0,55.00000000000001,0.55,OUR TRUCK,No,0.0,0.0,0.0,54.45000000000001,4.45000000000001
2026-01-15,8,640020,048985,4.0,GCSETAL9-2828,"SAMPLE SET - 9.5"" ALLORA",5,EA,Diamond,,1.0,1.1,50.0,55.00000000000001,0.75,0.0,0.0,0.0,55.00000000000001,0.55,OUR TRUCK,No,0.0,0.0,0.0,54.45000000000001,4.45000000000001
2026-01-15,8,640020,048985,5.0,GCSETCB-1724,SAMPLE SET - COMP. BUSTER,5,EA,Diamond,,1.0,1.1,50.0,55.00000000000001,0.75,0.0,0.0,0.0,55.00000000000001,0.55,OUR TRUCK,No,0.0,0.0,0.0,54.45000000000001,4.45000000000001
2026-01-15,8,640020,048985,6.0,GCSETCC-1724,SAMPLE SET - CAROLINA C.,5,EA,Diamond,,1.0,1.1,50.0,55.00000000000001,0.75,0.0,0.0,0.0,55.00000000000001,0.55,OUR TRUCK,No,0.0,0.0,0.0,54.45000000000001,4.45000000000001
2026-01-15,8,640020,048985,8.0,GCSETII-1724,SAMPLE SET - GII DIST.,5,EA,Diamond,,1.0,1.1,50.0,55.00000000000001,0.75,0.0,0.0,0.0,55.00000000000001,0.55,OUR TRUCK,No,0.0,0.0,0.0,54.45000000000001,4.45000000000001
2026-01-15,8,640020,048985,9.0,GCSETNP-2228,SAMPLE SET - NEWPORT,5,EA,Diamond,,1.0,1.1,50.0,55.00000000000001,0.75,0.0,0.0,0.0,55.00000000000001,0.55,OUR TRUCK,No,0.0,0.0,0.0,54.45000000000001,4.45000000000001
2026-01-15,8,640020,048985,10.0,GCSETSS-1724,SAMPLE SET - GII SMOOTH,5,EA,Diamond,,1.0,1.1,50.0,55.00000000000001,0.75,0.0,0.0,0.0,55.00000000000001,0.55,OUR TRUCK,No,0.0,0.0,0.0,54.45000000000001,4.45000000000001
2026-01-15,8,640020,048985,11.0,PROMOTIONS,PROMOTIONS,0,EA,Diamond,,-1.0,-1.1,-718.25,-790.075,0.75,0.0,0.0,0.0,-790.075,0.0,OUR TRUCK,No,0.0,0.0,0.0,-790.075,-71.82500000000005
2026-01-09,8,638614,048949,2.0,PROMOTIONS,PROMOTIONS,0,EA,Diamond,,-1.0,-1.1,-55.25,-60.775000000000006,0.75,0.0,0.0,0.0,-60.775000000000006,0.0,W/C VERNON,No,0.0,0.0,0.0,-60.775000000000006,-5.525000000000006
2026-01-09,8,638614,048949,3.0,GCSETLE-2628,SAMPLE SET - LEGENDS,5,EA,Diamond,,1.0,1.1,50.0,55.00000000000001,0.75,0.0,0.0,0.0,55.00000000000001,0.55,W/C VERNON,No,0.0,0.0,0.0,54.45000000000001,4.45000000000001
2026-01-08,8,638354,048921,1.0,UNCOAC12,"1/2"" ACOUSTIC CORK SHEETS 2x3",3,SF,Diamond,,78.0,85.80000000000001,139.62,153.58200000000002,0.75,0.0,0.0,0.0,153.58200000000002,1.5358200000000002,OUR TRUCK,No,0.0,0.0,0.0,152.04618000000002,12.426180000000016
2026-01-08,8,638354,048921,2.0,UNCOAC12,"1/2"" ACOUSTIC CORK SHEETS 2x3",3,SF,Diamond,,1626.0,1788.6000000000001,2910.54,3201.594,0.75,0.0,0.0,0.0,3201.594,32.01594,OUR TRUCK,No,0.0,0.0,0.0,3169.57806,259.03805999999986
2026-01-02,8,635065,048886,1.0,GFALO9501,"EURO OAK 9.5"" ALTURA",1,SF,Diamond,Division 1 per-SF,1983.69,2182.059,14461.1,15907.210000000001,0.75,0.0,1636.5442500000001,0.0,14270.66575,142.7066575,W/C SAN DIEGO,No,0.0,0.0,0.0,14127.9590925,-333.14090750000105
2025-12-31,8,636850,048881,1.0,GHCVO538USA,"WHITE OAK NATURAL 5"" 3MM",1,SF,Diamond,Division 1 per-SF,1383.75,1522.1250000000002,7735.16,8508.676000000001,0.75,0.0,1141.5937500000002,0.0,7367.082250000001,73.67082250000001,OUR TRUCK,No,0.0,0.0,0.0,7293.411427500001,-441.7485724999988
2025-12-31,8,636850,048881,2.0,GHCVO538USA,"WHITE OAK NATURAL 5"" 3MM",1,SF,Diamond,Division 1 per-SF,337.5,371.25000000000006,1886.63,2075.293,0.75,0.0,278.43750000000006,0.0,1796.8555000000001,17.968555000000002,OUR TRUCK,No,0.0,0.0,0.0,1778.8869450000002,-107.74305499999991
2025-12-29,9,635350,074453,1.0,GFALO9508,"EURO OAK 9.5"" VOLTO",1,SF,Diamond,Division 1 per-SF,48.98,53.878,366.86,403.54600000000005,0.75,0.0,40.408500000000004,0.0,363.13750000000005,3.6313750000000007,GLS-VERNON,No,0.0,0.0,0.0,359.50612500000005,-7.3538749999999595
2025-12-22,8,635071,048827,3.0,GVVNEC910,END CAP - NEBULA,7,EA,Diamond,,1.0,1.1,22.99,25.289,0.75,0.0,0.0,0.0,25.289,0.25289,W/C SAN DIEGO,No,0.0,0.0,0.0,25.03611,2.0461100000000023
2025-12-22,8,635071,048827,4.0,GVVNFNO910,FLUSH NOSING - NEBULA,7,EA,Diamond,,1.0,1.1,34.99,38.489000000000004,0.75,0.0,0.0,0.0,38.489000000000004,0.38489000000000007,W/C SAN DIEGO,No,0.0,0.0,0.0,38.104110000000006,3.1141100000000037
2025-12-19,8,633406,048806,1.0,GHCVO568,"W/O PR.WHEAT ENG 5"" 2MM",1,SF,Diamond,Division 1 per-SF,1575.0,1732.5000000000002,6914.25,7605.675,0.75,0.0,1299.3750000000002,0.0,6306.3,63.063,W/C SAN DIEGO,No,0.0,0.0,0.0,6243.237,-671.0129999999999
2025-12-19,8,635065,048814,1.0,GFALO9501,"EURO OAK 9.5"" ALTURA",1,SF,Diamond,Division 1 per-SF,24.49,26.939,178.53,196.383,0.75,0.0,20.204250000000002,0.0,176.17875,1.7617875,W/C VERNON,No,0.0,0.0,0.0,174.4169625,-4.11303749999999
2025-12-12,8,633150,048764,1.0,MOBBMD302,"9/16 X 3-7/8"" 302 MDF BASE",7,EA,Diamond,,18.0,19.8,183.42,201.762,0.75,0.0,0.0,0.0,201.762,2.01762,OUR TRUCK,No,0.0,0.0,0.0,199.74438,16.32438000000002
2025-12-12,8,633366,048765,1.0,MOBBMD302,"9/16 X 3-7/8"" 302 MDF BASE",7,EA,Diamond,,2.0,2.2,20.38,22.418,0.75,0.0,0.0,0.0,22.418,0.22418,OUR TRUCK,No,0.0,0.0,0.0,22.19382,1.8138199999999998
2025-12-12,9,632863,074328,1.0,GNSSM5195,"MAPLE 5"" SMOOTH DAPPLE GREY",1,SF,Diamond,Division 1 per-SF,122.5,134.75,243.78,268.158,0.75,0.0,101.0625,0.0,167.09550000000002,1.6709550000000002,OUR TRUCK,No,0.0,0.0,0.0,165.42454500000002,-78.35545499999998
2025-12-12,9,632863,074328,3.0,GNSSM5195SB,"MAPLE 5"" SM.DAPPLE GR. CALCORE",1,SF,Diamond,Division 1 per-SF,17.5,19.25,34.83,38.313,0.75,0.0,14.4375,0.0,23.875500000000002,0.23875500000000002,OUR TRUCK,No,0.0,0.0,0.0,23.636745,-11.193254999999997
2025-12-12,9,632863,074328,4.0,GNSSM5195,"MAPLE 5"" SMOOTH DAPPLE GREY",1,SF,Diamond,Division 1 per-SF,17.5,19.25,34.83,38.313,0.75,0.0,14.4375,0.0,23.875500000000002,0.23875500000000002,OUR TRUCK,No,0.0,0.0,0.0,23.636745,-11.193254999999997
2025-12-09,8,631893,048803,2.0,PROMOTIONS,PROMOTIONS,0,EA,Diamond,,-1.0,-1.1,-55.25,-60.775000000000006,0.75,0.0,0.0,0.0,-60.775000000000006,0.0,W/C VERNON,No,0.0,0.0,0.0,-60.775000000000006,-5.525000000000006
2025-12-09,8,631893,048803,3.0,GCSETCB-1724,SAMPLE SET - COMP. BUSTER,5,EA,Diamond,,1.0,1.1,50.0,55.00000000000001,0.75,0.0,0.0,0.0,55.00000000000001,0.55,W/C VERNON,No,0.0,0.0,0.0,54.45000000000001,4.45000000000001
2025-12-05,8,629063,048695,2.0,GHCVO31468USA-33,"WHITE OAK PR.WHEAT 3-1/4"" 3MM",1,SF,Diamond,Division 1 per-SF,132.0,145.20000000000002,751.08,826.1880000000001,0.75,0.0,108.9,0.0,717.2880000000001,7.172880000000001,W/C SAN DIEGO,No,0.0,0.0,0.0,710.1151200000002,-40.96487999999988
2025-12-05,8,629063,048695,3.0,GHCVO31468USA-33,"WHITE OAK PR.WHEAT 3-1/4"" 3MM",1,SF,Diamond,Division 1 per-SF,33.0,36.300000000000004,187.77,206.54700000000003,0.75,0.0,27.225,0.0,179.32200000000003,1.7932200000000003,W/C SAN DIEGO,No,0.0,0.0,0.0,177.52878000000004,-10.24121999999997
2025-12-05,8,629063,048695,4.0,GHCVO31468USA-33,"WHITE OAK PR.WHEAT 3-1/4"" 3MM",1,SF,Diamond,Division 1 per-SF,33.0,36.300000000000004,187.77,206.54700000000003,0.75,0.0,27.225,0.0,179.32200000000003,1.7932200000000003,W/C SAN DIEGO,No,0.0,0.0,0.0,177.52878000000004,-10.24121999999997
2025-12-05,8,629063,048695,5.0,GHCVO31468USA-33,"WHITE OAK PR.WHEAT 3-1/4"" 3MM",1,SF,Diamond,Division 1 per-SF,99.0,108.9,563.31,619.641,0.75,0.0,81.67500000000001,0.0,537.9659999999999,5.379659999999999,W/C SAN DIEGO,No,0.0,0.0,0.0,532.58634,-30.723659999999995
2025-12-05,8,629063,048695,6.0,GHCVO31468USA-33,"WHITE OAK PR.WHEAT 3-1/4"" 3MM",1,SF,Diamond,Division 1 per-SF,297.0,326.70000000000005,1689.93,1858.9230000000002,0.75,0.0,245.02500000000003,0.0,1613.8980000000001,16.13898,W/C SAN DIEGO,No,0.0,0.0,0.0,1597.7590200000002,-92.17097999999987
2025-12-05,8,630131,048696,2.0,GHCVO568,"W/O PR.WHEAT ENG 5"" 2MM",1,SF,Diamond,Division 1 per-SF,490.0,539.0,2200.1,2420.11,0.75,0.0,404.25,0.0,2015.8600000000001,20.158600000000003,W/C SAN DIEGO,No,0.0,0.0,0.0,1995.7014000000001,-204.39859999999976
2025-12-03,8,630298,048677,1.0,GNIIH551,"HICKORY 5"" CHATEAU DISTRESSED",1,SF,Diamond,Division 1 per-SF,332.5,365.75000000000006,1891.93,2081.123,0.75,0.0,274.31250000000006,0.0,1806.8105,18.068105,OUR TRUCK,No,0.0,0.0,0.0,1788.742395,-103.18760500000008
2025-12-01,8,617735,048847,2.0,PROMOTIONS,PROMOTIONS,0,EA,Diamond,,-1.0,-1.1,-165.75,-182.32500000000002,0.75,0.0,0.0,0.0,-182.32500000000002,0.0,W/C VERNON,No,0.0,0.0,0.0,-182.32500000000002,-16.575000000000017
2025-12-01,8,617735,048847,3.0,GCSETCVA-1724,SAMPLE SET - C.V AMERICA,5,EA,Diamond,,3.0,3.3000000000000003,150.0,165.0,0.75,0.0,0.0,0.0,165.0,1.6500000000000001,W/C VERNON,No,0.0,0.0,0.0,163.35,13.349999999999994
2025-11-25,8,628659,048628,1.0,MOBBMD302,"9/16 X 3-7/8"" 302 MDF BASE",7,EA,Diamond,,36.0,39.6,366.84,403.524,0.75,0.0,0.0,0.0,403.524,4.03524,OUR TRUCK,No,0.0,0.0,0.0,399.48876,32.64876000000004
2025-11-25,8,628780,048629,1.0,GHCVM538USA,"MAPLE NATURAL 5"" 3MM",1,SF,Diamond,Division 1 per-SF,67.5,74.25,370.58,407.63800000000003,0.75,0.0,55.6875,0.0,351.95050000000003,3.5195050000000005,OUR TRUCK,No,0.0,0.0,0.0,348.43099500000005,-22.14900499999993
2025-11-25,8,628197,048630,1.0,GNIIM5171,"MAPLE 5"" LATTE DISTRESSED",1,SF,Diamond,Division 1 per-SF,140.0,154.0,712.6,783.8600000000001,0.75,0.0,115.5,0.0,668.3600000000001,6.683600000000001,W/C SAN DIEGO,No,0.0,0.0,0.0,661.6764000000002,-50.92359999999985
2025-11-25,8,628199,048631,1.0,RH112SRSNB-15,"1/2 x 1-1/2"" SELECT R/O NESTED",1,SF,Diamond,Division 1 per-SF,15.0,16.5,61.35,67.48500000000001,0.75,0.0,12.375,0.0,55.110000000000014,0.5511000000000001,W/C SAN DIEGO,No,0.0,0.0,0.0,54.558900000000015,-6.791099999999986
2025-11-25,8,629005,048632,1.0,RH2SRSNB,"1/2 x 2"" SELECT R/O NESTED BND",1,SF,Diamond,Division 1 per-SF,75.0,82.5,269.25,296.175,0.75,0.0,61.875,0.0,234.3,2.343,W/C SAN DIEGO,No,0.0,0.0,0.0,231.95700000000002,-37.29299999999998
2025-11-25,8,626931,048648,2.0,GHEXTI538,1/2 X 5 2MM TIGERWOOD NAT.,1,SF,Diamond,Division 1 per-SF,419.28,461.208,1966.42,2163.0620000000004,0.75,0.0,345.906,0.0,1817.1560000000004,18.171560000000003,WC SAN DIEGO,No,0.0,0.0,0.0,1798.9844400000004,-167.43555999999967
2025-11-19,8,627422,048649,1.0,GHNPO207,"EUR.OAK 7.5"" SHELL BEACH (1/2""",1,SF,Diamond,Division 1 per-SF,233.2,256.52,860.51,946.561,0.75,0.0,192.39,0.0,754.171,7.541710000000001,OUR TRUCK,No,0.0,0.0,0.0,746.6292900000001,-113.88070999999991
2025-11-18,8,623022,048557,1.0,GVVN910,"6.5MM 9"" X 60"" - NEBULA",1,SF,Diamond,Division 1 per-SF,45.76,50.336,77.33,85.063,0.75,0.0,37.751999999999995,0.0,47.31100000000001,0.4731100000000001,W/C SAN DIEGO,No,0.0,0.0,0.0,46.83789000000001,-30.49210999999999
2025-11-12,8,624860,048515,1.0,RH112SRSNB-15,"1/2 x 1-1/2"" SELECT R/O NESTED",1,SF,Diamond,Division 1 per-SF,15.0,16.5,61.35,67.48500000000001,0.75,0.0,12.375,0.0,55.110000000000014,0.5511000000000001,W/C VERNON,No,0.0,0.0,0.0,54.558900000000015,-6.791099999999986
2025-11-12,8,625757,048531,1.0,GCRACK13,GARRISON BLACK WATERFALL RACK,5,EA,Diamond,,2.0,2.2,300.0,330.0,0.75,0.0,0.0,0.0,330.0,3.3000000000000003,W/C VERNON,No,0.0,0.0,0.0,326.7,26.69999999999999
2025-11-12,8,625757,048531,2.0,GCRACK21,ALLORA SINGLE WATERFALL RACK,5,EA,Diamond,,1.0,1.1,150.0,165.0,0.75,0.0,0.0,0.0,165.0,1.6500000000000001,W/C VERNON,No,0.0,0.0,0.0,163.35,13.349999999999994
2025-11-12,8,625757,048531,3.0,GCSETAL9-2828,"SAMPLE SET - 9.5"" ALLORA",5,EA,Diamond,,1.0,1.1,50.0,55.00000000000001,0.75,0.0,0.0,0.0,55.00000000000001,0.55,W/C VERNON,No,0.0,0.0,0.0,54.45000000000001,4.45000000000001
2025-11-12,8,625757,048531,4.0,PROMOTIONS,PROMOTIONS,0,EA,Diamond,,-1.0,-1.1,-552.5,-607.75,0.75,0.0,0.0,0.0,-607.75,0.0,W/C VERNON,No,0.0,0.0,0.0,-607.75,-55.25
2025-11-11,8,623022,048490,2.0,GVVN910,"6.5MM 9"" X 60"" - NEBULA",1,SF,Diamond,Division 1 per-SF,1967.68,2164.4480000000003,3325.38,3657.9180000000006,0.75,0.0,1623.3360000000002,0.0,2034.5820000000003,20.345820000000003,W/C SAN DIEGO,No,0.0,0.0,0.0,2014.2361800000003,-1311.1438199999998
2025-11-11,8,625022,048499,2.0,GCSETAL-2228,"SAMPLE SET - 7.5"" ALLORA",5,EA,Diamond,,1.0,1.1,50.0,55.00000000000001,0.75,0.0,0.0,0.0,55.00000000000001,0.55,W/C VERNON,No,0.0,0.0,0.0,54.45000000000001,4.45000000000001
2025-11-11,8,625022,048499,3.0,PROMOTIONS,PROMOTIONS,0,EA,Diamond,,-1.0,-1.1,-55.25,-60.775000000000006,0.75,0.0,0.0,0.0,-60.775000000000006,0.0,W/C VERNON,No,0.0,0.0,0.0,-60.775000000000006,-5.525000000000006
2025-11-07,8,622812,CM4354,1.0,GFBHO9508,"EURO OAK 9.5"" DOHENY",1,SF,Diamond,,-68.22,-75.042,-313.13,-344.44300000000004,0.75,0.0,0.0,0.0,-344.44300000000004,0.0,W/C VERNON,No,0.0,0.0,0.0,-344.44300000000004,-31.313000000000045
2025-11-07,8,623860,048469,1.0,GNIIM506,"MAPLE 5"" CHESTNUT DISTRESSED",1,SF,Diamond,Division 1 per-SF,1172.5,1289.75,5850.78,6435.858,0.75,0.0,967.3125,0.0,5468.5455,54.685455000000005,OUR TRUCK,No,0.0,0.0,0.0,5413.860045,-436.9199549999994
2025-10-29,8,621129,048367,1.0,GFALO7503,"EURO OAK 7.5"" DOMA",1,SF,Diamond,Division 1 per-SF,116.52,128.172,814.47,895.9170000000001,0.75,0.0,96.12899999999999,0.0,799.7880000000001,7.997880000000001,OUR TRUCK,No,0.0,0.0,0.0,791.7901200000001,-22.679879999999912
2025-10-29,8,621273,048368,1.0,GHEXPR538,1/2 X 5 PATAGONIAN ROSEWOOD,1,SF,Diamond,Division 1 per-SF,1083.14,1191.4540000000002,5296.55,5826.205000000001,0.75,0.0,893.5905000000001,0.0,4932.614500000001,49.326145000000004,OUR TRUCK,No,0.0,0.0,0.0,4883.288355000001,-413.2616449999996
2025-10-29,8,621547,048369,1.0,GFALO9508,"EURO OAK 9.5"" VOLTO",1,SF,Diamond,Division 1 per-SF,685.72,754.2920000000001,5067.47,5574.217000000001,0.75,0.0,565.719,0.0,5008.4980000000005,50.08498000000001,OUR TRUCK,No,0.0,0.0,0.0,4958.413020000001,-109.05697999999938
2025-10-28,8,620025,048342,2.0,GHEXTI538,1/2 X 5 2MM TIGERWOOD NAT.,1,SF,Diamond,Division 1 per-SF,524.1,576.5100000000001,2458.03,2703.8330000000005,0.75,0.0,432.38250000000005,0.0,2271.4505000000004,22.714505000000003,W/C SAN DIEGO,No,0.0,0.0,0.0,2248.7359950000005,-209.29400499999974
2025-10-23,8,620318,CM4346,1.0,GHNPO207,"EUR.OAK 7.5"" SHELL BEACH (1/2""",1,SF,Diamond,,-69.96,-76.956,-258.15,-283.965,0.75,0.0,0.0,0.0,-283.965,0.0,OUR TRUCK,No,0.0,0.0,0.0,-283.965,-25.814999999999998
2025-10-23,8,620318,CM4346,2.0,GHNPO207,"EUR.OAK 7.5"" SHELL BEACH (1/2""",1,SF,Diamond,Division 1 per-SF,69.96,76.956,251.16,276.276,0.75,0.0,57.717,0.0,218.55900000000003,2.1855900000000004,OUR TRUCK,No,0.0,0.0,0.0,216.37341000000004,-34.78658999999996
2025-10-22,8,619565,048297,2.0,RH112SRSNB-15,"1/2 x 1-1/2"" SELECT R/O NESTED",1,SF,Diamond,Division 1 per-SF,15.0,16.5,61.35,67.48500000000001,0.75,0.0,12.375,0.0,55.110000000000014,0.5511000000000001,W/C VERNON,No,0.0,0.0,0.0,54.558900000000015,-6.791099999999986
2025-10-22,8,619572,048298,1.0,GHNPO207,"EUR.OAK 7.5"" SHELL BEACH (1/2""",1,SF,Diamond,Division 1 per-SF,163.24,179.56400000000002,586.03,644.633,0.75,0.0,134.673,0.0,509.96000000000004,5.099600000000001,W/C VERNON,No,0.0,0.0,0.0,504.8604,-81.16959999999995
2025-10-21,8,619129,048284,1.0,GVVN908,"6.5MM 9"" X 60"" - LEXINGTON",1,SF,Diamond,Division 1 per-SF,91.52,100.672,154.67,170.137,0.75,0.0,75.50399999999999,0.0,94.63300000000001,0.9463300000000001,OUR TRUCK,No,0.0,0.0,0.0,93.68667,-60.98332999999998
2025-10-21,8,619132,048285,1.0,GHNPO207,"EUR.OAK 7.5"" SHELL BEACH (1/2""",1,SF,Diamond,Division 1 per-SF,69.96,76.956,258.15,283.965,0.75,0.0,57.717,0.0,226.248,2.26248,OUR TRUCK,No,0.0,0.0,0.0,223.98551999999998,-34.16448
2025-10-17,8,612945,048370,2.0,GNIIH551,"HICKORY 5"" CHATEAU DISTRESSED",1,SF,Diamond,Division 1 per-SF,385.0,423.50000000000006,2190.65,2409.715,0.75,0.0,317.62500000000006,0.0,2092.09,20.920900000000003,OUR TRUCK,No,0.0,0.0,0.0,2071.1691,-119.48090000000002
2025-10-16,8,614866,CM4339,1.0,GHCVO31468USA-33,"WHITE OAK PR.WHEAT 3-1/4"" 3MM",1,SF,Diamond,,-66.0,-72.60000000000001,-375.54,-413.09400000000005,0.75,0.0,0.0,0.0,-413.09400000000005,0.0,W/C SAN DIEGO,No,0.0,0.0,0.0,-413.09400000000005,-37.55400000000003
2025-10-13,8,616840,048223,1.0,GHEXTI538,1/2 X 5 2MM TIGERWOOD NAT.,1,SF,Diamond,Division 1 per-SF,733.74,807.114,3441.24,3785.364,0.75,0.0,605.3355,0.0,3180.0285,31.800285,OUR TRUCK,No,0.0,0.0,0.0,3148.228215,-293.0117849999997
2025-10-13,8,616900,048224,1.0,GCSBEXA516-1724,PANEL - EXO. ACA. B.WAL.,5,EA,Diamond,,1.0,1.1,0.0,0.0,0.75,0.0,0.0,0.0,0.0,0.0,UPS - VAN NUYS,No,0.0,0.0,0.0,0.0,0.0
2025-10-10,8,616186,CM4336,1.0,GFBHO9509,"EURO OAK 9.5"" ROXBURY",1,SF,Diamond,,-45.48,-50.028,-208.75,-229.62500000000003,0.75,0.0,0.0,0.0,-229.62500000000003,0.0,W/C VERNON,No,0.0,0.0,0.0,-229.62500000000003,-20.87500000000003
2025-10-08,8,614859,048177,2.0,GHCVO568USA,"WHITE OAK PRAIRIE WHEAT 5"" 3MM",1,SF,Diamond,Division 1 per-SF,67.5,74.25,384.08,422.488,0.75,0.0,55.6875,0.0,366.8005,3.668005,W/C SAN DIEGO,No,0.0,0.0,0.0,363.132495,-20.94750499999998
2025-10-08,8,615714,048185,2.0,GFBHO9508,"EURO OAK 9.5"" DOHENY",1,SF,Diamond,Division 1 per-SF,68.22,75.042,313.13,344.44300000000004,0.75,0.0,56.2815,0.0,288.16150000000005,2.8816150000000005,W/C VERNON,No,0.0,0.0,0.0,285.27988500000004,-27.85011499999996
2025-10-07,8,601483,048169,2.0,GNIIH538,"HICKORY 5"" NATURAL DISTRESSED",1,SF,Diamond,Division 1 per-SF,717.5,789.2500000000001,4082.58,4490.838000000001,0.75,0.0,591.9375000000001,0.0,3898.9005000000006,38.989005000000006,OUR TRUCK,No,0.0,0.0,0.0,3859.9114950000007,-222.6685049999992
2025-10-06,8,615379,CM4331,1.0,GHNPO207,"EUR.OAK 7.5"" SHELL BEACH (1/2""",1,SF,Diamond,,-2308.68,-2539.5480000000002,-8519.03,-9370.933,0.75,0.0,0.0,0.0,-9370.933,0.0,OUR TRUCK,No,0.0,0.0,0.0,-9370.933,-851.9030000000002
2025-10-06,8,615379,CM4331,2.0,GHNPO207,"EUR.OAK 7.5"" SHELL BEACH (1/2""",1,SF,Diamond,Division 1 per-SF,2308.68,2539.5480000000002,8288.16,9116.976,0.75,0.0,1904.661,0.0,7212.3150000000005,72.12315000000001,OUR TRUCK,No,0.0,0.0,0.0,7140.19185,-1147.9681499999997
2025-10-06,8,614851,048163,1.0,GHEXA5147,1/2 X 5 ACACIA DIST. GOLD,1,SF,Diamond,Division 1 per-SF,767.78,844.558,3293.78,3623.1580000000004,0.75,0.0,633.4185,0.0,2989.7395000000006,29.897395000000007,OUR TRUCK,No,0.0,0.0,0.0,2959.8421050000006,-333.93789499999957
2025-10-03,8,614953,048147,1.0,GNSSW523,"WALNUT 5"" SMOOTH ANTIQUE",1,SF,Diamond,Division 1 per-SF,17.5,19.25,106.58,117.23800000000001,0.75,0.0,14.4375,0.0,102.80050000000001,1.028005,GLS,No,0.0,0.0,0.0,101.77249500000002,-4.807504999999978
2025-10-01,8,611519,048117,2.0,GHCVO31468USA-33,"WHITE OAK PR.WHEAT 3-1/4"" 3MM",1,SF,Diamond,Division 1 per-SF,66.0,72.60000000000001,375.54,413.09400000000005,0.75,0.0,54.45,0.0,358.64400000000006,3.5864400000000005,W/C SAN DIEGO,No,0.0,0.0,0.0,355.0575600000001,-20.48243999999994
2025-10-01,8,613725,048119,1.0,GHNPO207,"EUR.OAK 7.5"" SHELL BEACH (1/2""",1,SF,Diamond,Division 1 per-SF,2308.68,2539.5480000000002,8519.03,9370.933,0.75,0.0,1904.661,0.0,7466.272000000001,74.66272000000001,OUR TRUCK,No,0.0,0.0,0.0,7391.609280000001,-1127.42072
2025-09-30,8,612955,048092,3.0,MOBBMD387MUL5,1/2 X 5-1/2 1RE CRAFTSMAN BASE,7,EA,Diamond,,7.0,7.700000000000001,64.33,70.763,0.75,0.0,0.0,0.0,70.763,0.7076300000000001,OUR TRUCK,No,0.0,0.0,0.0,70.05537000000001,5.725370000000012
2025-09-29,8,612955,048090,1.0,MOBBMD387MUL5,1/2 X 5-1/2 1RE CRAFTSMAN BASE,7,EA,Diamond,,28.0,30.800000000000004,257.32,283.052,0.75,0.0,0.0,0.0,283.052,2.8305200000000004,OUR TRUCK,No,0.0,0.0,0.0,280.22148000000004,22.90148000000005
2025-09-25,8,593831,048108,2.0,GFBHO9509,"EURO OAK 9.5"" ROXBURY",1,SF,Diamond,Division 1 per-SF,45.48,50.028,208.75,229.62500000000003,0.75,0.0,37.521,0.0,192.10400000000004,1.9210400000000005,W/C VERNON,No,0.0,0.0,0.0,190.18296000000004,-18.567039999999963
2025-09-19,8,610410,048018,2.0,GFGLR9502,"OAK 9.5"" CHAMPAGNE",1,SF,Diamond,Division 1 per-SF,68.22,75.042,442.75,487.02500000000003,0.75,0.0,56.2815,0.0,430.74350000000004,4.307435000000001,W/C VERNON,No,0.0,0.0,0.0,426.43606500000004,-16.313934999999958
2025-09-19,8,610043,048048,1.0,GNSSM577,"MAPLE 5"" SMOOTH SYRUP",1,SF,Diamond,Division 1 per-SF,122.5,134.75,599.03,658.933,0.75,0.0,101.0625,0.0,557.8705,5.578705,W/C VERNON,No,0.0,0.0,0.0,552.291795,-46.738204999999994
2025-09-16,8,593671,047990,2.0,GNIIW538,"WALNUT 5"" NATURAL DISTRESSED",1,SF,Diamond,Division 1 per-SF,1592.5,1751.7500000000002,9539.08,10492.988000000001,0.75,0.0,1313.8125000000002,0.0,9179.175500000001,91.79175500000001,OUR TRUCK,No,0.0,0.0,0.0,9087.383745000001,-451.6962549999989
2025-09-08,8,606783,047907,1.0,GHEXB538,1/2 X 5 2MM BRAZILIAN CHERRY,1,SF,Diamond,Division 1 per-SF,559.04,614.944,2677.8,2945.5800000000004,0.75,0.0,461.20799999999997,0.0,2484.3720000000003,24.843720000000005,OUR TRUCK,No,0.0,0.0,0.0,2459.5282800000004,-218.27171999999973
2025-09-05,8,606134,047887,2.0,GHCVO31438,"W/O NAT. ENG 3-1/4"" 2MM",1,SF,Diamond,Division 1 per-SF,582.4,640.64,2556.74,2812.4139999999998,0.75,0.0,480.48,0.0,2331.9339999999997,23.319339999999997,OUR TRUCK,No,0.0,0.0,0.0,2308.6146599999997,-248.12534000000005
2025-09-05,8,606254,047888,1.0,GNSSM577,"MAPLE 5"" SMOOTH SYRUP",1,SF,Diamond,Division 1 per-SF,717.5,789.2500000000001,3508.58,3859.438,0.75,0.0,591.9375000000001,0.0,3267.5005,32.675005,OUR TRUCK,No,0.0,0.0,0.0,3234.825495,-273.7545049999999
2025-09-02,8,605874,CM4310,1.0,GHCVR538USA,"RED OAK NATURAL 5"" 3MM",1,SF,Diamond,,-877.5,-965.2500000000001,-4641.98,-5106.178,0.75,0.0,0.0,0.0,-5106.178,0.0,OUR TRUCK,No,0.0,0.0,0.0,-5106.178,-464.1980000000003
2025-09-02,8,605874,CM4310,2.0,GHCVR538USA,"RED OAK NATURAL 5"" 3MM",1,SF,Diamond,Division 1 per-SF,877.5,965.2500000000001,4466.48,4913.128,0.75,0.0,723.9375000000001,0.0,4189.1905,41.891905,OUR TRUCK,No,0.0,0.0,0.0,4147.298594999999,-319.18140500000027
2025-08-27,8,603934,047815,1.0,MONO12O,1/2 x 3-1/2 NOSING - WHITE OAK,7,LF,Diamond,,4.0,4.4,25.56,28.116,0.75,0.0,0.0,0.0,28.116,0.28116,W/C VERNON,No,0.0,0.0,0.0,27.83484,2.274840000000001
2025-08-27,8,603934,047815,2.0,MORE12O,1/2 x 2 REDUCER - WHITE OAK,7,LF,Diamond,,4.0,4.4,8.76,9.636000000000001,0.75,0.0,0.0,0.0,9.636000000000001,0.09636000000000002,W/C VERNON,No,0.0,0.0,0.0,9.53964,0.7796400000000006
2025-08-27,8,603934,047815,3.0,MOTMO58,5/8 x 2 T-MOULD - WHITE OAK,7,LF,Diamond,,4.0,4.4,12.36,13.596,0.75,0.0,0.0,0.0,13.596,0.13596,W/C VERNON,No,0.0,0.0,0.0,13.46004,1.10004
2025-08-22,8,603042,047782,1.0,GVVN905,"6.5MM 9"" X 60"" - ECLIPSE",1,SF,Diamond,Division 1 per-SF,297.44,327.184,502.67,552.937,0.75,0.0,245.38800000000003,0.0,307.549,3.07549,W/C VERNON,No,0.0,0.0,0.0,304.47351,-198.19649000000004
2025-08-22,8,603051,047792,3.0,GNSSH538,"HICKORY 5"" SMOOTH NATURAL",1,SF,Diamond,Division 1 per-SF,17.5,19.25,96.08,105.688,0.75,0.0,14.4375,0.0,91.2505,0.912505,W/C VERNON,No,0.0,0.0,0.0,90.337995,-5.742004999999992
2025-08-22,8,603051,047792,4.0,GNSSH538,"HICKORY 5"" SMOOTH NATURAL",1,SF,Diamond,Division 1 per-SF,35.0,38.5,192.15,211.36500000000004,0.75,0.0,28.875,0.0,182.49000000000004,1.8249000000000004,W/C VERNON,No,0.0,0.0,0.0,180.66510000000002,-11.484899999999982
2025-08-22,8,603051,047792,5.0,UNGA005,G SOUND 5MM RUBBER UNDERLAY.,3,SF,Diamond,,120.0,132.0,99.0,108.9,0.75,0.0,0.0,0.0,108.9,1.0890000000000002,W/C VERNON,No,0.0,0.0,0.0,107.811,8.811000000000007
2025-08-22,8,603051,047792,6.0,GNSSH538,"HICKORY 5"" SMOOTH NATURAL",1,SF,Diamond,Division 1 per-SF,17.5,19.25,96.08,105.688,0.75,0.0,14.4375,0.0,91.2505,0.912505,W/C VERNON,No,0.0,0.0,0.0,90.337995,-5.742004999999992
2025-08-12,4,600288,729745,1.0,RQ214SRSSP,3/4 X 2-1/4 SELECT RED OAK,1,SF,Diamond,Division 1 per-SF,19.69,21.659000000000002,68.72,75.592,0.75,0.0,16.24425,0.0,59.34775,0.5934775,W/C CARSON,No,0.0,0.0,0.0,58.7542725,-9.9657275
2025-08-11,8,599204,047686,1.0,GHNPO207,"EUR.OAK 7.5"" SHELL BEACH (1/2""",1,SF,Diamond,Division 1 per-SF,2401.96,2642.1560000000004,8382.84,9221.124000000002,0.75,0.0,1981.6170000000002,0.0,7239.507000000001,72.39507000000002,OUR TRUCK,No,0.0,0.0,0.0,7167.111930000002,-1215.7280699999983
2025-08-07,8,597604,047657,1.0,GHCVM538USA,"MAPLE NATURAL 5"" 3MM",1,SF,Diamond,Division 1 per-SF,101.25,111.37500000000001,555.86,611.446,0.75,0.0,83.53125000000001,0.0,527.91475,5.2791475000000005,OUR TRUCK,No,0.0,0.0,0.0,522.6356025,-33.22439750000001
2025-08-07,8,597604,047657,2.0,GHCVM538USA,"MAPLE NATURAL 5"" 3MM",1,SF,Diamond,Division 1 per-SF,675.0,742.5000000000001,3705.75,4076.3250000000003,0.75,0.0,556.8750000000001,0.0,3519.4500000000003,35.194500000000005,OUR TRUCK,No,0.0,0.0,0.0,3484.2555,-221.4944999999998
