Invoice Date,Branch Location,Order Number,Invoice Number,Ship Via,Tier,Line Count,Status Quo Sales,Projected Gross Sales,Header Special Charge 1,Header Special Charge 2,Header Special Charge 3,Header Special Charge 4,Header Special Charge 5,Header Additional Amount,Order Delivery Fee Revenue,Delivery Fee Waiver Applied,Order Delivery Fee Waiver Cost,Line Delivery Fee Waiver Allocation,Square Foot Discount Cost,Division 3 Discount Cost,Cash Back Cost,Program Revenue,Incremental Benefit
2026-07-31,3,689923,366686,W/C SAN DIEGO,Diamond,1,1077.0,1184.7,0.0,0.0,0.0,0.0,0.0,0.0,0.0,No,0.0,0.0,247.5,0.0,9.372,927.8280000000001,-149.1719999999999
2026-07-30,3,689648,366681,OUR TRUCK,Diamond,1,2171.77,2388.947,0.0,0.0,0.0,0.0,0.0,0.0,0.0,No,0.0,0.0,242.45100000000002,0.0,21.46496,2125.0310400000003,-46.73895999999968
2026-07-29,3,689454,366642,OUR TRUCK,Diamond,2,651.4,716.5400000000001,0.0,0.0,0.0,0.0,0.0,0.0,0.0,No,0.0,0.0,0.0,0.0,7.1654,709.3746000000001,57.97460000000011
2026-07-23,3,688046,366442,OUR TRUCK,Diamond,1,4926.62,5419.282,0.0,0.0,0.0,0.0,0.0,0.0,0.0,No,0.0,0.0,656.6175000000001,0.0,47.626644999999996,4715.037855,-211.5821450000003
2026-07-23,3,686967,366441,OUR TRUCK,Diamond,1,2714.72,2986.192,0.0,0.0,0.0,0.0,0.0,0.0,0.0,No,0.0,0.0,303.06375,0.0,26.831282499999997,2656.2969675,-58.42303249999986
2026-07-20,3,686762,366340,OUR TRUCK,Diamond,1,11944.75,13139.225,0.0,0.0,0.0,0.0,0.0,0.0,0.0,No,0.0,0.0,1333.4805000000001,0.0,118.05744500000002,11687.687055,-257.0629449999997
2026-07-16,3,685910,366259,OUR TRUCK,Diamond,1,5070.0,5577.0,0.0,0.0,0.0,0.0,0.0,0.0,0.0,No,0.0,0.0,0.0,0.0,55.77,5521.23,451.22999999999956
2026-07-08,3,683933,365961,OUR TRUCK,Diamond,1,1105.26,1215.786,0.0,0.0,0.0,0.0,0.0,0.0,0.0,No,0.0,0.0,0.0,0.0,12.157860000000001,1203.62814,98.36814000000004
2026-07-07,8,683039,050251,W/C VERNON,Diamond,2,-26.25,-28.875,0.0,0.0,0.0,0.0,0.0,0.0,0.0,No,0.0,0.0,0.0,0.0,2.75,-31.625,-5.375
2026-07-02,8,681249,CM4439,W/C VERNON,Diamond,1,-860.51,-946.561,215.13,0.0,0.0,0.0,0.0,0.0,0.0,No,0.0,0.0,0.0,0.0,0.0,-946.561,-86.05100000000004
2026-07-01,8,679166,050268,W/C VERNON,Diamond,2,-1.0500000000000007,-1.1550000000000011,0.0,0.0,0.0,0.0,0.0,0.0,0.0,No,0.0,0.0,0.0,0.0,0.11,-1.2650000000000006,-0.21499999999999986
2026-06-25,3,681255,365598,W/C VERNON,Diamond,1,837.19,920.9090000000001,0.0,0.0,0.0,0.0,0.0,0.0,0.0,No,0.0,0.0,192.39,0.0,7.285190000000001,721.2338100000001,-115.95618999999999
2026-06-24,3,680515,365539,OUR TRUCK,Diamond,1,9962.54,10958.794000000002,0.0,0.0,0.0,0.0,0.0,0.0,0.0,No,0.0,0.0,2289.4410000000003,0.0,86.69353000000001,8582.65947,-1379.8805300000004
2026-06-19,3,679079,365354,W/C SAN DIEGO,Diamond,1,99.58,109.53800000000001,0.0,0.0,0.0,0.0,0.0,0.0,0.0,No,0.0,0.0,14.4375,0.0,0.9510050000000001,94.14949500000002,-5.430504999999982
2026-06-19,3,679074,365353,W/C SAN DIEGO,Diamond,1,1684.12,1852.532,0.0,0.0,0.0,0.0,0.0,0.0,0.0,No,0.0,0.0,262.64700000000005,0.0,15.898849999999998,1573.9861499999997,-110.13385000000017
2026-06-12,3,676840,365310,W/C SAN DIEGO,Diamond,2,3048.42,3353.2620000000006,0.0,0.0,0.0,0.0,0.0,0.0,0.0,No,0.0,0.0,572.8800000000001,0.0,27.803820000000005,2752.5781800000004,-295.8418199999994
2026-06-04,3,675570,364947,OUR TRUCK,Diamond,2,5562.889999999999,6119.179,0.0,0.0,0.0,0.0,0.0,0.0,0.0,No,0.0,0.0,712.899,0.0,54.062799999999996,5352.217199999999,-210.67280000000028
2026-06-02,3,674917,364851,OUR TRUCK,Diamond,1,7963.38,8759.718,0.0,0.0,0.0,0.0,0.0,0.0,0.0,No,0.0,0.0,1371.5625000000002,0.0,73.881555,7314.273945000001,-649.1060549999993
2026-05-15,3,669968,364459,W/C SAN DIEGO,Diamond,1,6616.2,7277.820000000001,0.0,0.0,0.0,0.0,0.0,0.0,0.0,No,0.0,0.0,1031.8275,0.0,62.459925000000005,6183.532575,-432.66742499999964
2026-05-14,3,664561,364423,OUR TRUCK,Diamond,1,3677.06,4044.766,0.0,0.0,0.0,0.0,0.0,0.0,0.0,No,0.0,0.0,562.815,0.0,34.81951,3447.13149,-229.92850999999973
2026-05-12,8,669460,CM4412,W/C VERNON,Diamond,1,-209.29,-230.21900000000002,0.0,0.0,0.0,0.0,0.0,0.0,0.0,No,0.0,0.0,0.0,0.0,0.0,-230.21900000000002,-20.92900000000003
2026-05-12,3,669971,364311,OUR TRUCK,Diamond,2,6896.73,7586.403,0.0,0.0,0.0,0.0,0.0,0.0,0.0,No,0.0,0.0,1096.30125,0.0,64.90101750000001,6425.200732500001,-471.52926749999915
2026-05-08,3,669157,364237,OUR TRUCK,Diamond,1,1369.2,1506.1200000000001,0.0,0.0,0.0,0.0,0.0,0.0,0.0,No,0.0,0.0,231.0,0.0,12.7512,1262.3688000000002,-106.83119999999985
2026-05-08,3,668198,364213,W/C SAN DIEGO,Diamond,1,502.31,552.541,0.0,0.0,0.0,0.0,0.0,0.0,0.0,No,0.0,0.0,115.434,0.0,4.371070000000001,432.7359300000001,-69.57406999999989
2026-05-08,3,667829,364212,W/C SAN DIEGO,Diamond,1,334.88,368.36800000000005,0.0,0.0,0.0,0.0,0.0,0.0,0.0,No,0.0,0.0,76.956,0.0,2.9141200000000005,288.49788,-46.382119999999986
2026-05-06,3,668895,364166,W/C EXPRESS,Diamond,1,3519.45,3871.395,0.0,0.0,0.0,0.0,0.0,0.0,0.0,No,0.0,0.0,538.692,0.0,33.32703,3299.37597,-220.07402999999977
2026-05-04,8,667117,CM4405,W/C VERNON,Diamond,1,-96.08,-105.688,0.0,0.0,0.0,0.0,0.0,0.0,0.0,No,0.0,0.0,0.0,0.0,0.0,-105.688,-9.608000000000004
2026-04-30,3,667127,363903,W/C VERNON,Diamond,1,96.08,105.688,0.0,0.0,0.0,0.0,0.0,0.0,0.0,No,0.0,0.0,14.4375,0.0,0.912505,90.337995,-5.742004999999992
2026-04-30,3,667104,363902,W/C VERNON,Diamond,1,534.45,587.8950000000001,0.0,0.0,0.0,0.0,0.0,0.0,0.0,No,0.0,0.0,86.62500000000001,0.0,5.0127000000000015,496.2573000000001,-38.192699999999945
2026-04-28,3,666307,363826,OUR TRUCK,Diamond,1,4394.89,4834.379000000001,0.0,0.0,0.0,0.0,0.0,0.0,0.0,No,0.0,0.0,1038.906,0.0,37.95473000000001,3757.518270000001,-637.3717299999994
2026-04-20,3,663207,363552,W/C SAN DIEGO,Diamond,1,83.83,92.21300000000001,0.0,0.0,0.0,0.0,0.0,0.0,0.0,No,0.0,0.0,14.4375,0.0,0.7777550000000001,76.99774500000001,-6.832254999999989
2026-04-18,3,662328,363534,W/C SAN DIEGO,Diamond,1,2298.91,2528.801,0.0,0.0,0.0,0.0,0.0,0.0,0.0,No,0.0,0.0,365.43375000000003,0.0,21.6336725,2141.7335774999997,-157.17642250000017
2026-04-18,3,661972,363533,W/C SAN DIEGO,Diamond,1,2443.42,2687.762,0.0,0.0,0.0,0.0,0.0,0.0,0.0,No,0.0,0.0,288.387,0.0,23.993750000000002,2375.38125,-68.03875000000016
2026-04-17,3,663783,363550,OUR TRUCK,Diamond,2,4349.05,4783.955,0.0,0.0,0.0,0.0,0.0,0.0,0.0,No,0.0,0.0,721.8750000000001,0.0,40.620799999999996,4021.4592,-327.59080000000023
2026-04-16,8,660797,049684,W/C SAN DIEGO,Diamond,1,18315.9,20147.49,0.0,0.0,0.0,0.0,0.0,0.0,0.0,No,0.0,0.0,2565.4695,0.0,175.82020500000002,17406.200295000002,-909.6997049999991
2026-04-07,8,660941,049609,W/C VERNON,Diamond,1,209.29,230.21900000000002,0.0,0.0,0.0,0.0,0.0,0.0,0.0,No,0.0,0.0,28.825499999999998,0.0,2.013935,199.379565,-9.910434999999978
2026-04-06,8,660836,CM4392,OUR TRUCK,Diamond,2,-120.70000000000073,-132.77000000000044,0.0,0.0,0.0,0.0,0.0,0.0,0.0,No,0.0,0.0,995.7750000000001,0.0,74.88228000000001,-1203.4272799999999,-1082.7272799999992
2026-04-06,8,660835,CM4391,OUR TRUCK,Diamond,8,-620.5499999999988,-682.6050000000009,0.0,0.0,0.0,0.0,0.0,0.0,0.0,No,0.0,0.0,2674.88925,0.0,239.69541750000005,-3597.1896674999975,-2976.6396674999987
2026-03-30,8,658694,049543,OUR TRUCK,Diamond,4,24842.76,27327.036000000004,0.0,0.0,0.0,0.0,0.0,0.0,0.0,No,0.0,0.0,2674.88925,0.0,246.5214675,24405.625282499997,-437.13471750000053
2026-03-27,3,656995,362889,W/C SAN DIEGO,Diamond,1,11971.79,13168.969000000003,0.0,0.0,0.0,0.0,0.0,0.0,0.0,No,0.0,0.0,2751.177,0.0,104.17792000000003,10313.614080000003,-1658.1759199999979
2026-03-27,8,656133,049513,W/C SAN DIEGO,Diamond,1,178.15,195.96500000000003,0.0,0.0,0.0,0.0,0.0,0.0,0.0,No,0.0,0.0,28.875,0.0,1.6709000000000003,165.41910000000004,-12.730899999999963
2026-03-26,8,657841,049512,OUR TRUCK,Diamond,1,4123.0,4535.3,0.0,0.0,0.0,0.0,0.0,0.0,0.0,No,0.0,0.0,577.5000000000001,0.0,39.578,3918.222,-204.7779999999998
2026-03-26,8,657505,049511,OUR TRUCK,Diamond,1,5576.03,6133.633,0.0,0.0,0.0,0.0,0.0,0.0,0.0,No,0.0,0.0,822.9375,0.0,53.106955,5257.588545,-318.44145500000013
2026-03-20,8,654182,049530,OUR TRUCK,Diamond,1,7833.43,8616.773000000001,0.0,0.0,0.0,0.0,0.0,0.0,0.0,No,0.0,0.0,995.7750000000001,0.0,76.20998000000002,7544.788020000002,-288.6419799999985
2026-03-20,8,654065,049455,OUR TRUCK,Diamond,1,4177.54,4595.294000000001,0.0,0.0,0.0,0.0,0.0,0.0,0.0,No,0.0,0.0,500.21400000000006,0.0,40.95080000000001,4054.1292000000008,-123.4107999999992
2026-03-20,8,656719,049453,W/C VERNON,Diamond,1,269.25,296.175,0.0,0.0,0.0,0.0,0.0,0.0,0.0,No,0.0,0.0,61.875,0.0,2.343,231.95700000000002,-37.29299999999998
2026-03-19,5,654498,753884,W/C SAN DIEGO,Diamond,1,9901.48,10891.628,0.0,0.0,0.0,0.0,0.0,0.0,0.0,No,0.0,0.0,1185.591,0.0,97.06037,9608.976630000001,-292.50336999999854
2026-03-19,8,653654,049441,W/C SAN DIEGO,Diamond,1,8957.91,9853.701000000001,0.0,0.0,0.0,0.0,0.0,0.0,0.0,No,0.0,0.0,2058.5730000000003,0.0,77.95128000000001,7717.17672,-1240.7332799999995
2026-03-12,5,654498,753042,W/C VERNON,Diamond,1,135.75,149.32500000000002,0.0,0.0,0.0,0.0,0.0,0.0,0.0,No,0.0,0.0,16.021500000000003,0.0,1.3330350000000002,131.97046500000002,-3.7795349999999814
2026-03-10,8,644854,049367,W/C VERNON,Diamond,2,-26.25,-28.875,0.0,0.0,0.0,0.0,0.0,0.0,0.0,No,0.0,0.0,0.0,0.0,2.75,-31.625,-5.375
2026-02-25,8,650343,049280,OUR TRUCK,Diamond,1,3843.0,4227.3,0.0,0.0,0.0,0.0,0.0,0.0,0.0,No,0.0,0.0,577.5000000000001,0.0,36.498000000000005,3613.302,-229.69799999999987
2026-02-18,8,648017,049233,W/C CARSON,Diamond,1,890.75,979.825,0.0,0.0,0.0,0.0,0.0,0.0,0.0,No,0.0,0.0,144.37500000000003,0.0,8.3545,827.0955,-63.654499999999985
2026-02-17,8,646501,049216,OUR TRUCK,Diamond,1,9597.64,10557.404,0.0,0.0,0.0,0.0,0.0,0.0,0.0,No,0.0,0.0,1763.487,0.0,87.93917000000002,8705.977830000002,-891.6621699999978
2026-02-11,8,646999,049173,OUR TRUCK,Diamond,3,4409.95,4850.945000000001,0.0,0.0,0.0,0.0,0.0,0.0,0.0,No,0.0,0.0,1981.98,0.0,28.689650000000004,2840.27535,-1569.67465
2026-02-10,8,645884,049164,W/C SAN DIEGO,Diamond,1,89.75,98.72500000000001,0.0,0.0,0.0,0.0,0.0,0.0,0.0,No,0.0,0.0,20.625000000000004,0.0,0.7810000000000001,77.319,-12.430999999999997
2026-02-06,8,645804,049138,OUR TRUCK,Diamond,4,886.4100000000001,975.0510000000002,0.0,0.0,0.0,0.0,0.0,0.0,0.0,No,0.0,0.0,57.650999999999996,0.0,9.174000000000001,908.2260000000001,21.81600000000006
2026-02-06,8,645550,049137,OUR TRUCK,Diamond,1,10716.01,11787.611,0.0,0.0,0.0,0.0,0.0,0.0,0.0,No,0.0,0.0,2462.592,0.0,93.25019,9231.76881,-1484.2411900000006
2026-02-04,8,645219,049113,W/C SAN DIEGO,Diamond,1,179.5,197.45000000000002,0.0,0.0,0.0,0.0,0.0,0.0,0.0,No,0.0,0.0,41.25000000000001,0.0,1.5620000000000003,154.638,-24.861999999999995
2026-01-30,8,644120,049094,OUR TRUCK,Diamond,1,2103.42,2313.762,0.0,0.0,0.0,0.0,0.0,0.0,0.0,No,0.0,0.0,414.15825,0.0,18.996037500000003,1880.6077125000002,-222.8122874999999
2026-01-30,8,644119,049093,OUR TRUCK,Diamond,1,784.88,863.368,0.0,0.0,0.0,0.0,0.0,0.0,0.0,No,0.0,0.0,216.5625,0.0,6.4680550000000006,640.337445,-144.542555
2026-01-29,8,643676,049084,OUR TRUCK,Diamond,1,9279.8,10207.78,0.0,0.0,0.0,0.0,0.0,0.0,0.0,No,0.0,0.0,1827.1687500000003,0.0,83.8061125,8296.8051375,-982.9948624999997
2026-01-20,8,640992,049018,OUR TRUCK,Diamond,1,6613.79,7275.169000000001,0.0,0.0,0.0,0.0,0.0,0.0,0.0,No,0.0,0.0,1519.881,0.0,57.55288000000001,5697.73512,-916.0548799999997
2026-01-15,8,640020,048985,OUR TRUCK,Diamond,9,-68.25,-75.07500000000005,0.0,0.0,0.0,0.0,0.0,0.0,0.0,No,0.0,0.0,0.0,0.0,7.15,-82.22500000000002,-13.974999999999987
2026-01-09,8,638614,048949,W/C VERNON,Diamond,2,-5.25,-5.774999999999999,0.0,0.0,0.0,0.0,0.0,0.0,0.0,No,0.0,0.0,0.0,0.0,0.55,-6.324999999999996,-1.0749999999999957
2026-01-08,8,638354,048921,OUR TRUCK,Diamond,2,3050.16,3355.176,0.0,0.0,0.0,0.0,0.0,0.0,0.0,No,0.0,0.0,0.0,0.0,33.55176,3321.6242399999996,271.4642399999999
2026-01-02,8,635065,048886,W/C SAN DIEGO,Diamond,1,14461.1,15907.210000000001,0.0,0.0,0.0,0.0,0.0,0.0,0.0,No,0.0,0.0,1636.5442500000001,0.0,142.7066575,14127.9590925,-333.14090750000105
2025-12-31,8,636850,048881,OUR TRUCK,Diamond,2,9621.79,10583.969000000001,0.0,0.0,0.0,0.0,0.0,0.0,0.0,No,0.0,0.0,1420.0312500000002,0.0,91.63937750000002,9072.298372500001,-549.4916274999987
2025-12-29,9,635350,074453,GLS-VERNON,Diamond,1,366.86,403.54600000000005,0.0,0.0,0.0,159.0,0.0,0.0,0.0,No,0.0,0.0,40.408500000000004,0.0,3.6313750000000007,359.50612500000005,-7.3538749999999595
2025-12-22,8,635071,048827,W/C SAN DIEGO,Diamond,2,57.980000000000004,63.778000000000006,0.0,0.0,0.0,0.0,0.0,0.0,0.0,No,0.0,0.0,0.0,0.0,0.63778,63.14022000000001,5.160220000000006
2025-12-19,8,635065,048814,W/C VERNON,Diamond,1,178.53,196.383,0.0,0.0,0.0,0.0,0.0,0.0,0.0,No,0.0,0.0,20.204250000000002,0.0,1.7617875,174.4169625,-4.11303749999999
2025-12-19,8,633406,048806,W/C SAN DIEGO,Diamond,1,6914.25,7605.675,0.0,0.0,0.0,0.0,0.0,0.0,0.0,No,0.0,0.0,1299.3750000000002,0.0,63.063,6243.237,-671.0129999999999
2025-12-12,9,632863,074328,OUR TRUCK,Diamond,3,313.44,344.784,0.0,0.0,0.0,0.0,0.0,0.0,0.0,No,0.0,0.0,129.9375,0.0,2.1484650000000003,212.69803500000003,-100.74196499999996
2025-12-12,8,633366,048765,OUR TRUCK,Diamond,1,20.38,22.418,0.0,0.0,0.0,0.0,0.0,0.0,0.0,No,0.0,0.0,0.0,0.0,0.22418,22.19382,1.8138199999999998
2025-12-12,8,633150,048764,OUR TRUCK,Diamond,1,183.42,201.762,0.0,0.0,0.0,0.0,0.0,0.0,0.0,No,0.0,0.0,0.0,0.0,2.01762,199.74438,16.32438000000002
2025-12-09,8,631893,048803,W/C VERNON,Diamond,2,-5.25,-5.774999999999999,0.0,0.0,0.0,0.0,0.0,0.0,0.0,No,0.0,0.0,0.0,0.0,0.55,-6.324999999999996,-1.0749999999999957
2025-12-05,8,630131,048696,W/C SAN DIEGO,Diamond,1,2200.1,2420.11,0.0,0.0,0.0,0.0,0.0,0.0,0.0,No,0.0,0.0,404.25,0.0,20.158600000000003,1995.7014000000001,-204.39859999999976
2025-12-05,8,629063,048695,W/C SAN DIEGO,Diamond,5,3379.86,3717.8460000000005,0.0,0.0,0.0,0.0,0.0,0.0,0.0,No,0.0,0.0,490.05000000000007,0.0,32.27796,3195.5180400000004,-184.3419599999997
2025-12-03,8,630298,048677,OUR TRUCK,Diamond,1,1891.93,2081.123,0.0,0.0,0.0,0.0,0.0,0.0,0.0,No,0.0,0.0,274.31250000000006,0.0,18.068105,1788.742395,-103.18760500000008
2025-12-01,8,617735,048847,W/C VERNON,Diamond,2,-15.75,-17.325000000000017,0.0,0.0,0.0,0.0,0.0,0.0,0.0,No,0.0,0.0,0.0,0.0,1.6500000000000001,-18.975000000000023,-3.2250000000000227
2025-11-25,8,626931,048648,WC SAN DIEGO,Diamond,1,1966.42,2163.0620000000004,0.0,0.0,0.0,0.0,0.0,0.0,0.0,No,0.0,0.0,345.906,0.0,18.171560000000003,1798.9844400000004,-167.43555999999967
2025-11-25,8,629005,048632,W/C SAN DIEGO,Diamond,1,269.25,296.175,0.0,0.0,0.0,0.0,0.0,0.0,0.0,No,0.0,0.0,61.875,0.0,2.343,231.95700000000002,-37.29299999999998
2025-11-25,8,628199,048631,W/C SAN DIEGO,Diamond,1,61.35,67.48500000000001,0.0,0.0,0.0,0.0,0.0,0.0,0.0,No,0.0,0.0,12.375,0.0,0.5511000000000001,54.558900000000015,-6.791099999999986
2025-11-25,8,628197,048630,W/C SAN DIEGO,Diamond,1,712.6,783.8600000000001,0.0,0.0,0.0,0.0,0.0,0.0,0.0,No,0.0,0.0,115.5,0.0,6.683600000000001,661.6764000000002,-50.92359999999985
2025-11-25,8,628780,048629,OUR TRUCK,Diamond,1,370.58,407.63800000000003,0.0,0.0,0.0,0.0,0.0,0.0,0.0,No,0.0,0.0,55.6875,0.0,3.5195050000000005,348.43099500000005,-22.14900499999993
2025-11-25,8,628659,048628,OUR TRUCK,Diamond,1,366.84,403.524,0.0,0.0,0.0,0.0,0.0,0.0,0.0,No,0.0,0.0,0.0,0.0,4.03524,399.48876,32.64876000000004
2025-11-19,8,627422,048649,OUR TRUCK,Diamond,1,860.51,946.561,0.0,0.0,0.0,0.0,0.0,0.0,0.0,No,0.0,0.0,192.39,0.0,7.541710000000001,746.6292900000001,-113.88070999999991
2025-11-18,8,623022,048557,W/C SAN DIEGO,Diamond,1,77.33,85.063,0.0,0.0,0.0,0.0,0.0,0.0,0.0,No,0.0,0.0,37.751999999999995,0.0,0.4731100000000001,46.83789000000001,-30.49210999999999
2025-11-12,8,625757,048531,W/C VERNON,Diamond,4,-52.5,-57.75,0.0,0.0,0.0,0.0,0.0,0.0,0.0,No,0.0,0.0,0.0,0.0,5.5,-63.25,-10.750000000000007
2025-11-12,8,624860,048515,W/C VERNON,Diamond,1,61.35,67.48500000000001,0.0,0.0,0.0,0.0,0.0,0.0,0.0,No,0.0,0.0,12.375,0.0,0.5511000000000001,54.558900000000015,-6.791099999999986
2025-11-11,8,625022,048499,W/C VERNON,Diamond,2,-5.25,-5.774999999999999,0.0,0.0,0.0,0.0,0.0,0.0,0.0,No,0.0,0.0,0.0,0.0,0.55,-6.324999999999996,-1.0749999999999957
2025-11-11,8,623022,048490,W/C SAN DIEGO,Diamond,1,3325.38,3657.9180000000006,0.0,0.0,0.0,0.0,0.0,0.0,0.0,No,0.0,0.0,1623.3360000000002,0.0,20.345820000000003,2014.2361800000003,-1311.1438199999998
2025-11-07,8,622812,CM4354,W/C VERNON,Diamond,1,-313.13,-344.44300000000004,0.0,0.0,0.0,0.0,0.0,0.0,0.0,No,0.0,0.0,0.0,0.0,0.0,-344.44300000000004,-31.313000000000045
2025-11-07,8,623860,048469,OUR TRUCK,Diamond,1,5850.78,6435.858,0.0,0.0,0.0,0.0,0.0,0.0,0.0,No,0.0,0.0,967.3125,0.0,54.685455000000005,5413.860045,-436.9199549999994
2025-10-29,8,621547,048369,OUR TRUCK,Diamond,1,5067.47,5574.217000000001,0.0,0.0,0.0,0.0,0.0,0.0,0.0,No,0.0,0.0,565.719,0.0,50.08498000000001,4958.413020000001,-109.05697999999938
2025-10-29,8,621273,048368,OUR TRUCK,Diamond,1,5296.55,5826.205000000001,0.0,0.0,0.0,0.0,0.0,0.0,0.0,No,0.0,0.0,893.5905000000001,0.0,49.326145000000004,4883.288355000001,-413.2616449999996
2025-10-29,8,621129,048367,OUR TRUCK,Diamond,1,814.47,895.9170000000001,0.0,0.0,0.0,0.0,0.0,0.0,0.0,No,0.0,0.0,96.12899999999999,0.0,7.997880000000001,791.7901200000001,-22.679879999999912
2025-10-28,8,620025,048342,W/C SAN DIEGO,Diamond,1,2458.03,2703.8330000000005,0.0,0.0,0.0,0.0,0.0,0.0,0.0,No,0.0,0.0,432.38250000000005,0.0,22.714505000000003,2248.7359950000005,-209.29400499999974
2025-10-23,8,620318,CM4346,OUR TRUCK,Diamond,2,-6.989999999999981,-7.6889999999999645,0.0,0.0,0.0,0.0,0.0,0.0,0.0,No,0.0,0.0,57.717,0.0,2.1855900000000004,-67.59158999999994,-60.60158999999996
2025-10-22,8,619572,048298,W/C VERNON,Diamond,1,586.03,644.633,0.0,0.0,0.0,0.0,0.0,0.0,0.0,No,0.0,0.0,134.673,0.0,5.099600000000001,504.8604,-81.16959999999995
2025-10-22,8,619565,048297,W/C VERNON,Diamond,1,61.35,67.48500000000001,0.0,0.0,0.0,0.0,0.0,0.0,0.0,No,0.0,0.0,12.375,0.0,0.5511000000000001,54.558900000000015,-6.791099999999986
2025-10-21,8,619132,048285,OUR TRUCK,Diamond,1,258.15,283.965,0.0,0.0,0.0,0.0,0.0,0.0,0.0,No,0.0,0.0,57.717,0.0,2.26248,223.98551999999998,-34.16448
2025-10-21,8,619129,048284,OUR TRUCK,Diamond,1,154.67,170.137,0.0,0.0,0.0,0.0,0.0,0.0,0.0,No,0.0,0.0,75.50399999999999,0.0,0.9463300000000001,93.68667,-60.98332999999998
2025-10-17,8,612945,048370,OUR TRUCK,Diamond,1,2190.65,2409.715,0.0,0.0,0.0,0.0,0.0,0.0,0.0,No,0.0,0.0,317.62500000000006,0.0,20.920900000000003,2071.1691,-119.48090000000002
2025-10-16,8,614866,CM4339,W/C SAN DIEGO,Diamond,1,-375.54,-413.09400000000005,0.0,0.0,0.0,0.0,0.0,0.0,0.0,No,0.0,0.0,0.0,0.0,0.0,-413.09400000000005,-37.55400000000003
2025-10-13,8,616900,048224,UPS - VAN NUYS,Diamond,1,0.0,0.0,0.0,0.0,0.0,0.0,0.0,0.0,0.0,No,0.0,0.0,0.0,0.0,0.0,0.0,0.0
2025-10-13,8,616840,048223,OUR TRUCK,Diamond,1,3441.24,3785.364,0.0,0.0,0.0,0.0,0.0,0.0,0.0,No,0.0,0.0,605.3355,0.0,31.800285,3148.228215,-293.0117849999997
2025-10-10,8,616186,CM4336,W/C VERNON,Diamond,1,-208.75,-229.62500000000003,0.0,0.0,0.0,0.0,0.0,0.0,0.0,No,0.0,0.0,0.0,0.0,0.0,-229.62500000000003,-20.87500000000003
2025-10-08,8,615714,048185,W/C VERNON,Diamond,1,313.13,344.44300000000004,0.0,0.0,0.0,0.0,0.0,0.0,0.0,No,0.0,0.0,56.2815,0.0,2.8816150000000005,285.27988500000004,-27.85011499999996
2025-10-08,8,614859,048177,W/C SAN DIEGO,Diamond,1,384.08,422.488,0.0,0.0,0.0,0.0,0.0,0.0,0.0,No,0.0,0.0,55.6875,0.0,3.668005,363.132495,-20.94750499999998
2025-10-07,8,601483,048169,OUR TRUCK,Diamond,1,4082.58,4490.838000000001,0.0,0.0,0.0,0.0,0.0,0.0,0.0,No,0.0,0.0,591.9375000000001,0.0,38.989005000000006,3859.9114950000007,-222.6685049999992
2025-10-06,8,615379,CM4331,OUR TRUCK,Diamond,2,-230.8700000000008,-253.95700000000033,0.0,0.0,0.0,0.0,0.0,0.0,0.0,No,0.0,0.0,1904.661,0.0,72.12315000000001,-2230.7411500000007,-1999.87115
2025-10-06,8,614851,048163,OUR TRUCK,Diamond,1,3293.78,3623.1580000000004,0.0,0.0,0.0,0.0,0.0,0.0,0.0,No,0.0,0.0,633.4185,0.0,29.897395000000007,2959.8421050000006,-333.93789499999957
2025-10-03,8,614953,048147,GLS,Diamond,1,106.58,117.23800000000001,0.0,0.0,0.0,50.0,0.0,0.0,0.0,No,0.0,0.0,14.4375,0.0,1.028005,101.77249500000002,-4.807504999999978
2025-10-01,8,613725,048119,OUR TRUCK,Diamond,1,8519.03,9370.933,0.0,0.0,0.0,0.0,0.0,0.0,0.0,No,0.0,0.0,1904.661,0.0,74.66272000000001,7391.609280000001,-1127.42072
2025-10-01,8,611519,048117,W/C SAN DIEGO,Diamond,1,375.54,413.09400000000005,0.0,0.0,0.0,0.0,0.0,0.0,0.0,No,0.0,0.0,54.45,0.0,3.5864400000000005,355.0575600000001,-20.48243999999994
2025-09-30,8,612955,048092,OUR TRUCK,Diamond,1,64.33,70.763,0.0,0.0,0.0,0.0,0.0,0.0,0.0,No,0.0,0.0,0.0,0.0,0.7076300000000001,70.05537000000001,5.725370000000012
2025-09-29,8,612955,048090,OUR TRUCK,Diamond,1,257.32,283.052,0.0,0.0,0.0,0.0,0.0,0.0,0.0,No,0.0,0.0,0.0,0.0,2.8305200000000004,280.22148000000004,22.90148000000005
2025-09-25,8,593831,048108,W/C VERNON,Diamond,1,208.75,229.62500000000003,0.0,0.0,0.0,0.0,0.0,0.0,0.0,No,0.0,0.0,37.521,0.0,1.9210400000000005,190.18296000000004,-18.567039999999963
2025-09-19,8,610043,048048,W/C VERNON,Diamond,1,599.03,658.933,0.0,0.0,0.0,0.0,0.0,0.0,0.0,No,0.0,0.0,101.0625,0.0,5.578705,552.291795,-46.738204999999994
2025-09-19,8,610410,048018,W/C VERNON,Diamond,1,442.75,487.02500000000003,0.0,0.0,0.0,0.0,0.0,0.0,0.0,No,0.0,0.0,56.2815,0.0,4.307435000000001,426.43606500000004,-16.313934999999958
2025-09-16,8,593671,047990,OUR TRUCK,Diamond,1,9539.08,10492.988000000001,0.0,0.0,0.0,0.0,0.0,0.0,0.0,No,0.0,0.0,1313.8125000000002,0.0,91.79175500000001,9087.383745000001,-451.6962549999989
2025-09-08,8,606783,047907,OUR TRUCK,Diamond,1,2677.8,2945.5800000000004,0.0,0.0,0.0,0.0,0.0,0.0,0.0,No,0.0,0.0,461.20799999999997,0.0,24.843720000000005,2459.5282800000004,-218.27171999999973
2025-09-05,8,606254,047888,OUR TRUCK,Diamond,1,3508.58,3859.438,0.0,0.0,0.0,0.0,0.0,0.0,0.0,No,0.0,0.0,591.9375000000001,0.0,32.675005,3234.825495,-273.7545049999999
2025-09-05,8,606134,047887,OUR TRUCK,Diamond,1,2556.74,2812.4139999999998,0.0,0.0,0.0,0.0,0.0,0.0,0.0,No,0.0,0.0,480.48,0.0,23.319339999999997,2308.6146599999997,-248.12534000000005
2025-09-02,8,605874,CM4310,OUR TRUCK,Diamond,2,-175.5,-193.05000000000018,0.0,0.0,0.0,0.0,0.0,0.0,0.0,No,0.0,0.0,723.9375000000001,0.0,41.891905,-958.8794050000006,-783.3794050000006
2025-08-27,8,603934,047815,W/C VERNON,Diamond,3,46.68,51.348,0.0,0.0,0.0,0.0,0.0,0.0,0.0,No,0.0,0.0,0.0,0.0,0.51348,50.83452,4.1545200000000015
2025-08-22,8,603051,047792,W/C VERNON,Diamond,4,483.31,531.6410000000001,0.0,0.0,0.0,0.0,0.0,0.0,0.0,No,0.0,0.0,57.75,0.0,4.738910000000001,469.15209000000004,-14.157909999999958
2025-08-22,8,603042,047782,W/C VERNON,Diamond,1,502.67,552.937,0.0,0.0,0.0,0.0,0.0,0.0,0.0,No,0.0,0.0,245.38800000000003,0.0,3.07549,304.47351,-198.19649000000004
2025-08-12,4,600288,729745,W/C CARSON,Diamond,1,68.72,75.592,0.0,0.0,0.0,0.0,0.0,0.0,0.0,No,0.0,0.0,16.24425,0.0,0.5934775,58.7542725,-9.9657275
2025-08-11,8,599204,047686,OUR TRUCK,Diamond,1,8382.84,9221.124000000002,0.0,0.0,0.0,0.0,0.0,0.0,0.0,No,0.0,0.0,1981.6170000000002,0.0,72.39507000000002,7167.111930000002,-1215.7280699999983
2025-08-07,8,597604,047657,OUR TRUCK,Diamond,2,4261.61,4687.771000000001,0.0,0.0,0.0,0.0,0.0,0.0,0.0,No,0.0,0.0,640.4062500000001,0.0,40.473647500000006,4006.8911025,-254.7188974999998
