COLLECTION,ALLORA,BEVERLY HILLS,CAROLINA CLASSIC,COMPETITION BUSTER,CONTRACTOR'S CHOICE,CRYSTAL VALLEY,CRYSTAL VALLEY USA,EXOTICS,GII DISTRESSED,GII SMOOTH,GOLD LABEL,LEGENDS,NEWPORT,PRIVATE SELECTION,SHEOGA
ALLORA,1.0,0.12370475648945473,0.256201523397267,0.2628513202125996,-0.04655372603945219,-0.5402369697264982,0.4512451166448654,0.05226738573992413,-0.17514943311334594,-0.024860992545824207,-0.12263916319130926,-0.2898892049493299,0.22021364770110866,0.1230475143888494,0.1928806190096505
BEVERLY HILLS,0.12370475648945473,1.0,0.10751552627696608,-0.07748675478286622,-0.06298387287333997,-0.3124588787527328,0.57590329389293,0.006451300169336525,-0.033308508461082964,-0.26781614464471937,0.14206091383868122,-0.31803838117610533,-0.0985923855252916,0.14194312915187468,-0.2073539234744731
CAROLINA CLASSIC,0.256201523397267,0.10751552627696608,1.0,0.11033204033052331,-0.030134932672579405,-0.22204201323219935,0.3420548693893596,0.04019189999674832,-0.015365405376961752,0.007197849160467829,0.1744519221131195,0.33871430442202377,-0.030917463700879545,0.11430763011450891,0.08665902186366549
COMPETITION BUSTER,0.2628513202125996,-0.07748675478286622,0.11033204033052331,1.0,-0.2884460101289008,-0.3173055484709233,-0.15558810303138468,-0.15479266055702293,-0.18173760595280491,0.23652381171983822,0.38935147149305493,0.23956388519039604,-0.02415503534810786,0.0879150822783437,-0.3113722008356579
CONTRACTOR'S CHOICE,-0.04655372603945219,-0.06298387287333997,-0.030134932672579405,-0.2884460101289008,1.0,0.464926389144437,-0.10479935753084285,-0.11569894357993285,0.4304102413608705,0.21838595916568201,-0.387375349829914,0.27494813382116434,0.0028990834433007965,-0.4275144113930504,0.11355281327370298
CRYSTAL VALLEY,-0.5402369697264982,-0.3124588787527328,-0.22204201323219935,-0.3173055484709233,0.464926389144437,1.0,-0.5967627603177433,-0.14172165470948392,0.5090635705377266,0.41997688201871397,-0.17558709970504516,0.3889285869786173,0.18207493627902674,-0.5715695688475713,0.31740620207357056
CRYSTAL VALLEY USA,0.4512451166448654,0.57590329389293,0.3420548693893596,-0.15558810303138468,-0.10479935753084285,-0.5967627603177433,1.0,-0.06293724641465058,-0.10737738802750972,-0.25915844031463814,-0.20439752179886173,-0.3694583303822699,0.011110631977194698,0.24194826087504456,-0.6136350428325124
EXOTICS,0.05226738573992413,0.006451300169336525,0.04019189999674832,-0.15479266055702293,-0.11569894357993285,-0.14172165470948392,-0.06293724641465058,1.0,-0.1466793483855507,-0.057488665058587914,0.0012717614388004586,-0.22951514633408848,-0.11009112426462993,0.28930878561230106,0.4510444506442931
GII DISTRESSED,-0.17514943311334594,-0.033308508461082964,-0.015365405376961752,-0.18173760595280491,0.4304102413608705,0.5090635705377266,-0.10737738802750972,-0.1466793483855507,1.0,0.39999877356256913,-0.14480454618125815,0.03419750724601207,0.014586537455656768,-0.13297880432369288,0.1039279277610835
GII SMOOTH,-0.024860992545824207,-0.26781614464471937,0.007197849160467829,0.23652381171983822,0.21838595916568201,0.41997688201871397,-0.25915844031463814,-0.057488665058587914,0.39999877356256913,1.0,0.19501408468232362,0.0061632572165125675,0.150501083074015,-0.24906610845012236,0.09539872895496498
GOLD LABEL,-0.12263916319130926,0.14206091383868122,0.1744519221131195,0.38935147149305493,-0.387375349829914,-0.17558709970504516,-0.20439752179886173,0.0012717614388004586,-0.14480454618125815,0.19501408468232362,1.0,0.40013405318853273,-0.3826354778613746,-0.023783034882946127,0.4560491063639058
LEGENDS,-0.2898892049493299,-0.31803838117610533,0.33871430442202377,0.23956388519039604,0.27494813382116434,0.3889285869786173,-0.3694583303822699,-0.22951514633408848,0.03419750724601207,0.0061632572165125675,0.40013405318853273,1.0,0.1726715574842752,-0.4820085428913022,-0.07890447158770952
NEWPORT,0.22021364770110866,-0.0985923855252916,-0.030917463700879545,-0.02415503534810786,0.0028990834433007965,0.18207493627902674,0.011110631977194698,-0.11009112426462993,0.014586537455656768,0.150501083074015,-0.3826354778613746,0.1726715574842752,1.0,-0.2903238919109898,0.10496580532656064
PRIVATE SELECTION,0.1230475143888494,0.14194312915187468,0.11430763011450891,0.0879150822783437,-0.4275144113930504,-0.5715695688475713,0.24194826087504456,0.28930878561230106,-0.13297880432369288,-0.24906610845012236,-0.023783034882946127,-0.4820085428913022,-0.2903238919109898,1.0,-0.5608435484134237
SHEOGA,0.1928806190096505,-0.2073539234744731,0.08665902186366549,-0.3113722008356579,0.11355281327370298,0.31740620207357056,-0.6136350428325124,0.4510444506442931,0.1039279277610835,0.09539872895496498,0.4560491063639058,-0.07890447158770952,0.10496580532656064,-0.5608435484134237,1.0
