ITEM_A,ITEM_B,COLLECTION_A,COLLECTION_B,SAME_COLLECTION,DELTA_E,COLOR_SCORE,HAS_COLOR_COMPARISON,SPEC_MATCH_SCORE,SPEC_FIELDS_COMPARED,COMBINED_SIMILARITY
ETCBB5144,ETCBB517,COMPETITION BUSTER,COMPETITION BUSTER,True,,,False,1.0,12,1.0
ETCBB5144,ETCBB5145,COMPETITION BUSTER,COMPETITION BUSTER,True,,,False,1.0,12,1.0
ETCBB5145,ETCBB517,COMPETITION BUSTER,COMPETITION BUSTER,True,,,False,1.0,12,1.0
GFALO9503,GFALO9502,ALLORA,ALLORA,True,,,False,1.0,12,1.0
GFALO7503,GFALO7508,ALLORA,ALLORA,True,,,False,1.0,12,1.0
GFALO9504,GFALO9508,ALLORA,ALLORA,True,,,False,1.0,12,1.0
GFALO9504,GFALO9505,ALLORA,ALLORA,True,,,False,1.0,12,1.0
GFALO9503,GFALO9508,ALLORA,ALLORA,True,,,False,1.0,12,1.0
GFALO9501,GFALO9502,ALLORA,ALLORA,True,,,False,1.0,12,1.0
GFALO9503,GFALO9505,ALLORA,ALLORA,True,,,False,1.0,12,1.0
GFALO9503,GFALO9504,ALLORA,ALLORA,True,,,False,1.0,12,1.0
GHEXA5147,GHEXA516,EXOTICS,EXOTICS,True,,,False,1.0,12,1.0
GFALO9504S,GFALO9505S,ALLORA,ALLORA,True,,,False,1.0,12,1.0
GFALO7502,GFALO7508,ALLORA,ALLORA,True,,,False,1.0,12,1.0
GFALO9508,GFALO9502,ALLORA,ALLORA,True,,,False,1.0,12,1.0
ETCBH5141,ETCBH523,COMPETITION BUSTER,COMPETITION BUSTER,True,,,False,1.0,12,1.0
GFALO7506,GFALO7508,ALLORA,ALLORA,True,,,False,1.0,12,1.0
GFALO9504,GFALO9502,ALLORA,ALLORA,True,,,False,1.0,12,1.0
GFALO9501,GFALO9503,ALLORA,ALLORA,True,,,False,1.0,12,1.0
ETCBB506,ETCBB5144,COMPETITION BUSTER,COMPETITION BUSTER,True,,,False,1.0,12,1.0
ETCBB506,ETCBB5145,COMPETITION BUSTER,COMPETITION BUSTER,True,,,False,1.0,12,1.0
GFALO7501,GFALO7508,ALLORA,ALLORA,True,,,False,1.0,12,1.0
GFALO9505,GFALO9502,ALLORA,ALLORA,True,,,False,1.0,12,1.0
GFALO9503S,GFALO9505S,ALLORA,ALLORA,True,,,False,1.0,12,1.0
GFALO9503S,GFALO9504S,ALLORA,ALLORA,True,,,False,1.0,12,1.0
GHEXA5147,GHEXA5146,EXOTICS,EXOTICS,True,,,False,1.0,12,1.0
GFALO9505,GFALO9508,ALLORA,ALLORA,True,,,False,1.0,12,1.0
GFALO7507,GFALO7508,ALLORA,ALLORA,True,,,False,1.0,12,1.0
GFALO9501,GFALO9508,ALLORA,ALLORA,True,,,False,1.0,12,1.0
GFALO9501,GFALO9505,ALLORA,ALLORA,True,,,False,1.0,12,1.0
GFALO7505,GFALO7508,ALLORA,ALLORA,True,,,False,1.0,12,1.0
GHEXA5147,GHEXA538,EXOTICS,EXOTICS,True,,,False,1.0,12,1.0
GFALO9501,GFALO9504,ALLORA,ALLORA,True,,,False,1.0,12,1.0
GFALO7504,GFALO7508,ALLORA,ALLORA,True,,,False,1.0,12,1.0
GFALO7503,GFALO9501,ALLORA,ALLORA,True,,,False,0.9166666666666666,12,0.9166666666666666
GFALO9501,GFALO9505S,ALLORA,ALLORA,True,,,False,0.9166666666666666,12,0.9166666666666666
GFALO7505,GFALO9503,ALLORA,ALLORA,True,,,False,0.9166666666666666,12,0.9166666666666666
GFALO7506,GFALO9505,ALLORA,ALLORA,True,,,False,0.9166666666666666,12,0.9166666666666666
GFALO7503,GFALO9503,ALLORA,ALLORA,True,,,False,0.9166666666666666,12,0.9166666666666666
GFALO9505S,GFALO9508,ALLORA,ALLORA,True,,,False,0.9166666666666666,12,0.9166666666666666
GFALO7501,GFALO9503,ALLORA,ALLORA,True,,,False,0.9166666666666666,12,0.9166666666666666
GFALO7503,GFALO9504,ALLORA,ALLORA,True,,,False,0.9166666666666666,12,0.9166666666666666
GFALO9504S,GFALO9502,ALLORA,ALLORA,True,,,False,0.9166666666666666,12,0.9166666666666666
GFALO9504S,GFALO9508,ALLORA,ALLORA,True,,,False,0.9166666666666666,12,0.9166666666666666
GFALO9504S,GFALO9505,ALLORA,ALLORA,True,,,False,0.9166666666666666,12,0.9166666666666666
GFALO7505S,GFALO9504S,ALLORA,ALLORA,True,,,False,0.9166666666666666,12,0.9166666666666666
GFALO7505S,GFALO9503S,ALLORA,ALLORA,True,,,False,0.9166666666666666,12,0.9166666666666666
GFALO7505S,GFALO9505S,ALLORA,ALLORA,True,,,False,0.9166666666666666,12,0.9166666666666666
GFALO9505S,GFALO7501S,ALLORA,ALLORA,True,,,False,0.9166666666666666,12,0.9166666666666666
GFALO9504S,GFALO7501S,ALLORA,ALLORA,True,,,False,0.9166666666666666,12,0.9166666666666666
GFALO9505,GFALO9505S,ALLORA,ALLORA,True,,,False,0.9166666666666666,12,0.9166666666666666
GFALO7504S,GFALO9505S,ALLORA,ALLORA,True,,,False,0.9166666666666666,12,0.9166666666666666
GFALO9505S,GFALO9502,ALLORA,ALLORA,True,,,False,0.9166666666666666,12,0.9166666666666666
GFALO7501,GFALO9501,ALLORA,ALLORA,True,,,False,0.9166666666666666,12,0.9166666666666666
GFALO7503,GFALO9502,ALLORA,ALLORA,True,,,False,0.9166666666666666,12,0.9166666666666666
GFALO9503S,GFALO9505,ALLORA,ALLORA,True,,,False,0.9166666666666666,12,0.9166666666666666
GFALO9503S,GFALO9508,ALLORA,ALLORA,True,,,False,0.9166666666666666,12,0.9166666666666666
GFALO9503S,GFALO9502,ALLORA,ALLORA,True,,,False,0.9166666666666666,12,0.9166666666666666
GFALO9503S,GFALO7501S,ALLORA,ALLORA,True,,,False,0.9166666666666666,12,0.9166666666666666
GFALO7503,GFALO9505,ALLORA,ALLORA,True,,,False,0.9166666666666666,12,0.9166666666666666
GFALO9504,GFALO9505S,ALLORA,ALLORA,True,,,False,0.9166666666666666,12,0.9166666666666666
GFALO9501,GFALO9503S,ALLORA,ALLORA,True,,,False,0.9166666666666666,12,0.9166666666666666
GFALO9504,GFALO9504S,ALLORA,ALLORA,True,,,False,0.9166666666666666,12,0.9166666666666666
GFALO9503,GFALO9504S,ALLORA,ALLORA,True,,,False,0.9166666666666666,12,0.9166666666666666
GFALO9503,GFALO9503S,ALLORA,ALLORA,True,,,False,0.9166666666666666,12,0.9166666666666666
GFALO9503S,GFALO9504,ALLORA,ALLORA,True,,,False,0.9166666666666666,12,0.9166666666666666
GFALO9503,GFALO9505S,ALLORA,ALLORA,True,,,False,0.9166666666666666,12,0.9166666666666666
GFALO7507,GFALO9502,ALLORA,ALLORA,True,,,False,0.9166666666666666,12,0.9166666666666666
GFALO9501,GFALO9504S,ALLORA,ALLORA,True,,,False,0.9166666666666666,12,0.9166666666666666
GFALO7505,GFALO9504,ALLORA,ALLORA,True,,,False,0.9166666666666666,12,0.9166666666666666
GFALO7505,GFALO9501,ALLORA,ALLORA,True,,,False,0.9166666666666666,12,0.9166666666666666
GFALO7506,GFALO9504,ALLORA,ALLORA,True,,,False,0.9166666666666666,12,0.9166666666666666
GFALO7504S,GFALO9503S,ALLORA,ALLORA,True,,,False,0.9166666666666666,12,0.9166666666666666
GFALO7504S,GFALO9504S,ALLORA,ALLORA,True,,,False,0.9166666666666666,12,0.9166666666666666
GFALO7503S,GFALO9505S,ALLORA,ALLORA,True,,,False,0.9166666666666666,12,0.9166666666666666
GFALO7502,GFALO9503,ALLORA,ALLORA,True,,,False,0.9166666666666666,12,0.9166666666666666
GFALO7502,GFALO9504,ALLORA,ALLORA,True,,,False,0.9166666666666666,12,0.9166666666666666
GFALO7502,GFALO9501,ALLORA,ALLORA,True,,,False,0.9166666666666666,12,0.9166666666666666
GFALO7501,GFALO9502,ALLORA,ALLORA,True,,,False,0.9166666666666666,12,0.9166666666666666
GFALO7501,GFALO9504,ALLORA,ALLORA,True,,,False,0.9166666666666666,12,0.9166666666666666
GFALO7501,GFALO9505,ALLORA,ALLORA,True,,,False,0.9166666666666666,12,0.9166666666666666
GFALO7503S,GFALO9503S,ALLORA,ALLORA,True,,,False,0.9166666666666666,12,0.9166666666666666
GFALO7504,GFALO9501,ALLORA,ALLORA,True,,,False,0.9166666666666666,12,0.9166666666666666
GFALO7506,GFALO9503,ALLORA,ALLORA,True,,,False,0.9166666666666666,12,0.9166666666666666
GFALO7504,GFALO9502,ALLORA,ALLORA,True,,,False,0.9166666666666666,12,0.9166666666666666
GFALO7503S,GFALO9504S,ALLORA,ALLORA,True,,,False,0.9166666666666666,12,0.9166666666666666
GFALO7504,GFALO9505,ALLORA,ALLORA,True,,,False,0.9166666666666666,12,0.9166666666666666
GFALO7504,GFALO9504,ALLORA,ALLORA,True,,,False,0.9166666666666666,12,0.9166666666666666
ETCBH5141,ETCBB5145,COMPETITION BUSTER,COMPETITION BUSTER,True,,,False,0.9166666666666666,12,0.9166666666666666
ETCBH5141,ETCBB5144,COMPETITION BUSTER,COMPETITION BUSTER,True,,,False,0.9166666666666666,12,0.9166666666666666
ETCBH5141,ETCBB506,COMPETITION BUSTER,COMPETITION BUSTER,True,,,False,0.9166666666666666,12,0.9166666666666666
GFALO7506,GFALO9502,ALLORA,ALLORA,True,,,False,0.9166666666666666,12,0.9166666666666666
GFALO7506,GFALO9501,ALLORA,ALLORA,True,,,False,0.9166666666666666,12,0.9166666666666666
ETCBH5141,ETCBB517,COMPETITION BUSTER,COMPETITION BUSTER,True,,,False,0.9166666666666666,12,0.9166666666666666
GFALO7504,GFALO9503,ALLORA,ALLORA,True,,,False,0.9166666666666666,12,0.9166666666666666
ETCBH523,ETCBB5144,COMPETITION BUSTER,COMPETITION BUSTER,True,,,False,0.9166666666666666,12,0.9166666666666666
GFALO7502,GFALO9502,ALLORA,ALLORA,True,,,False,0.9166666666666666,12,0.9166666666666666
ETCBH523,ETCBB5145,COMPETITION BUSTER,COMPETITION BUSTER,True,,,False,0.9166666666666666,12,0.9166666666666666
GFALO7502,GFALO9505,ALLORA,ALLORA,True,,,False,0.9166666666666666,12,0.9166666666666666
GFALO7507,GFALO9504,ALLORA,ALLORA,True,,,False,0.9166666666666666,12,0.9166666666666666
GFALO7507,GFALO9501,ALLORA,ALLORA,True,,,False,0.9166666666666666,12,0.9166666666666666
GFALO7507,GFALO9503,ALLORA,ALLORA,True,,,False,0.9166666666666666,12,0.9166666666666666
GFALO7505,GFALO9502,ALLORA,ALLORA,True,,,False,0.9166666666666666,12,0.9166666666666666
GFALO7507,GFALO9505,ALLORA,ALLORA,True,,,False,0.9166666666666666,12,0.9166666666666666
GFALO7508,GFALO7503S,ALLORA,ALLORA,True,,,False,0.9166666666666666,12,0.9166666666666666
GFALO7508,GFALO7505S,ALLORA,ALLORA,True,,,False,0.9166666666666666,12,0.9166666666666666
GFALO7508,GFALO7504S,ALLORA,ALLORA,True,,,False,0.9166666666666666,12,0.9166666666666666
GFALO7505,GFALO9505,ALLORA,ALLORA,True,,,False,0.9166666666666666,12,0.9166666666666666
GFALO7508,GFALO9508,ALLORA,ALLORA,True,,,False,0.9166666666666666,12,0.9166666666666666
GFALO7508,GFALO7501S,ALLORA,ALLORA,True,,,False,0.9166666666666666,12,0.9166666666666666
GFALO7508,GFALO9502,ALLORA,ALLORA,True,,,False,0.9166666666666666,12,0.9166666666666666
GFALO7508,GFALO9504,ALLORA,ALLORA,True,,,False,0.9166666666666666,12,0.9166666666666666
GFALO7508,GFALO9503,ALLORA,ALLORA,True,,,False,0.9166666666666666,12,0.9166666666666666
GFALO7508,GFALO9505,ALLORA,ALLORA,True,,,False,0.9166666666666666,12,0.9166666666666666
GFALO7508,GFALO9501,ALLORA,ALLORA,True,,,False,0.9166666666666666,12,0.9166666666666666
