NAME,current_regime,months_in_regime,regime_persistence,months_of_history,mean_slope_z_by_state
GFBHO9506,Declining,7,0.8451444244307756,36,"{'Declining': -0.1575137399660518, 'Stable': -0.03433298729153725, 'Growing': 0.5701107706029919}"
GFGLR9501,Declining,2,0.4462544732026985,22,"{'Declining': -0.6452012498904173, 'Stable': -0.09122058606141586, 'Growing': 1.421340631605184}"
GFALO7503S,Declining,2,0.4363742078931846,36,"{'Declining': -0.6853945650992077, 'Stable': -0.18178621993445734, 'Growing': 0.7267372253378978}"
GFALO9503S,Declining,2,0.39732830850119777,36,"{'Declining': -0.6684018995209224, 'Stable': -0.04077782546445955, 'Growing': 1.449630137099006}"
GHCVR538USA,Declining,2,0.3321075153519216,18,"{'Stable': -0.05770068727283466, 'Declining': -0.06346793685090733, 'Growing': 0.15784275383837154}"
GHCVO31438USA-33,Declining,2,0.24942223714125838,17,"{'Declining': -0.7721321615817326, 'Growing': 0.36282109891929876, 'Stable': 0.29999888907322547}"
GHEXA5146,Declining,2,0.2301178869570354,36,"{'Declining': -0.7535714059374923, 'Stable': -0.0881152666971993, 'Growing': 0.9182296730269014}"
GNSSW538,Declining,2,0.22933146396332127,36,"{'Stable': -0.2762431164290951, 'Declining': -0.2809494214638337, 'Growing': 0.5629810287514627}"
GFLEO9502,Declining,1,0.7500398919694472,12,"{'Declining': -0.45015820484292834, 'Stable': 0.17490849136191897, 'Growing': 0.25616326211056234}"
GFBHO9505,Declining,1,0.7116881347052022,36,"{'Stable': 0.1232228978040256, 'Declining': -0.21096749952457886, 'Growing': 0.3460562288419072}"
GFBHO9503,Declining,1,0.6268713304220284,36,"{'Stable': 0.06596596960474058, 'Declining': -0.5308115870949631, 'Growing': 0.6724138851557667}"
GNSSM577,Declining,1,0.5923755434524106,36,"{'Stable': -0.1534596676467936, 'Declining': -0.15557756655350907, 'Growing': 0.45060406139502984}"
GHCVM538USA,Declining,1,0.5371486446790139,18,"{'Declining': -0.41895500376480793, 'Stable': 0.043013988606478704, 'Growing': 0.2753817636981182}"
GFALO7504S,Declining,1,0.50604831752966,36,"{'Declining': -0.6111718807183026, 'Stable': -0.13671275362847707, 'Growing': 1.3204975860450008}"
GFGLR9504,Declining,1,0.5000002053615364,23,"{'Declining': -0.6435986085835455, 'Stable': -0.16624306641862613, 'Growing': 1.4257338202751477}"
GFGLR9502,Declining,1,0.4972788326857135,25,"{'Declining': -0.6387213938890153, 'Stable': -0.27906029358652706, 'Growing': 0.4822092718554359}"
GFGLR9503,Declining,1,0.444445622761848,21,"{'Declining': -0.712886402244764, 'Stable': -0.04400897933002475, 'Growing': 0.8240039309106088}"
GNSSM554,Declining,1,0.41511050400365546,36,"{'Stable': -0.16191732801175543, 'Declining': -0.19988661646649483, 'Growing': 0.5794594022004769}"
GFALO9505,Declining,1,0.4061406597973052,35,"{'Declining': -0.7101949205455236, 'Growing': 1.307803200221106, 'Stable': -0.031072382212038452}"
GNIIM506,Declining,1,0.4051716424465321,36,"{'Declining': -0.4148007836942001, 'Stable': 0.1655490670624435, 'Growing': 0.1859899522825747}"
GNSSM506,Declining,1,0.39520706987208365,36,"{'Declining': -0.4621029017461043, 'Stable': -0.3553100299516189, 'Growing': 0.4840366475457254}"
GFALO7504,Declining,1,0.3819263577037609,35,"{'Declining': -0.8453959534095868, 'Growing': 1.328958664932152, 'Stable': 0.08873612682582425}"
GNIIW538,Declining,1,0.35550198844389275,36,"{'Declining': -0.7168955949787393, 'Stable': 0.5828375388871435, 'Growing': 0.7521977832592176}"
GFBHO9507,Declining,1,0.3374078606834135,25,"{'Stable': -0.17754372114917188, 'Declining': -0.2040351446092913, 'Growing': 0.6293604705978436}"
GHEXSM538,Declining,1,0.33504387899799226,36,"{'Stable': -0.1107184596878846, 'Declining': -0.36452474390120454, 'Growing': 0.4445509234646118}"
GNPSO85802,Declining,1,0.33429978772191804,26,"{'Declining': -1.058525580016171, 'Stable': 0.004434507833933764, 'Growing': 1.8381016028570534}"
GFGLR9506,Declining,1,0.2517649096391955,24,"{'Declining': -0.8568733214518609, 'Stable': 0.0731292331637276, 'Growing': 0.7108931689052501}"
GFLEO9501,Declining,1,0.2511192462163209,13,"{'Declining': -0.8736122539310808, 'Growing': 0.9057163968065942, 'Stable': 0.18874917524832577}"
GFLEO1001,Declining,1,0.2003811599050406,14,"{'Declining': -0.9285723422493067, 'Growing': 1.237959553160583, 'Stable': 0.15552551781161209}"
GHNPO206,Declining,1,0.19200462383211375,36,"{'Declining': -1.0857443299007854, 'Growing': 0.4970373429285561, 'Stable': 0.4940152794531516}"
GFALO7501S,Declining,1,0.1696502749104871,15,"{'Declining': -0.8986662943721208, 'Stable': 0.22800705357453074, 'Growing': 1.12387866588334}"
GHEXPR538,Declining,1,0.15235393965112207,36,"{'Declining': -0.9877963544878813, 'Stable': 0.15314916093061054, 'Growing': 0.864996799982282}"
GNIIM577,Declining,1,0.13420515198188349,36,"{'Declining': -0.8875091894689151, 'Growing': 0.9979240989011259, 'Stable': 0.18254848841334845}"
GNPSO85806,Declining,1,6.429045541088781e-06,25,"{'Declining': -1.1099066291262496, 'Stable': -0.027336056647878994, 'Growing': 0.9764559583256368}"
GFLEW7501,Declining,1,2.8145105730930648e-09,12,"{'Declining': -1.0654087864709296, 'Stable': 0.02938983502502521, 'Growing': 1.0340168987415002}"
GFLEPH501-L,Declining,1,9.191645246235747e-13,14,"{'Declining': -1.1299636514165445, 'Stable': -0.06693876339639214, 'Growing': 1.2308139463501395}"
GFLEPH501-R,Declining,1,9.191645246235747e-13,14,"{'Declining': -1.1299636514165445, 'Stable': -0.06693876339639214, 'Growing': 1.2308139463501395}"
GHCVO538USA,Declining,1,2.1439928644012757e-25,18,"{'Declining': -1.5949185349314272, 'Growing': 0.458486120125376, 'Stable': 0.448924649231329}"
