ITEM,TOTAL_SQFT_36MO,current_regime
GFALO9503S,272426.76,Declining
GFALO9503,162393.19,Growing
GHEXA5147,138436.44,Stable
GFALO7508,89332.0,Stable
GFALO9505,65976.06,Declining
GFALO9504S,62376.03,Stable
GFALO9501,61298.47,Stable
GFALO9505S,58506.61,Growing
ETCBH5141,43356.25,Growing
ETCBB5145,33941.25,Stable
GFALO9504,32008.43,Stable
ETCBB5144,22023.75,Growing
GFLEO7503O,19472.2,
GFLEO9502O,10051.08,
GFLEPH501-R,8505.44,Declining
GFALO9501S,8302.11,
GFALO9502,6808.22,Growing
GFGLR9507,1546.32,
PFSHEO538-205,574.0,
PFSHSO238-22,22.0,
GFLEPH501O-L,10.03,
GFLEPH501O-R,10.03,
