A,B,CORRELATION,COMBINED_SIMILARITY,DELTA_E,SAME_COLLECTION
GFLEO7501,GFLEO9501,-0.7539345099047802,0.8403707053738635,1.3851717850454612,True
GFLEO7503,GNIIM554,-0.7145847817260038,0.1666666666666666,48.55450531552943,False
GFLEO9502,GHEXA538,-0.7032685404720523,0.125,28.368867476583656,False
GFLEO9502,GNSSM554,-0.7030713282897573,0.2083333333333333,45.05016409203535,False
GFLEO7501,GHCVO568USA,-0.6958988404249037,0.0833333333333333,54.29553166984488,False
GFALO7501,GHCVM538,-0.6923463458187485,0.1395787399222597,16.083517069776278,False
GFLEO1002,GHCCH589,-0.6870503738739044,0.125,46.37269747919881,False
GFALO7502,GFLEO9503,-0.6823558423698644,0.2534378361947488,16.529153218876715,False
GFALO7505S,GHCVR538USA,-0.6547816078075659,0.4022004693180391,8.911981227278435,False
GFLEO9503,GHNPO211,-0.6465357803338518,0.1888292864042622,19.113495210496176,False
GHCVO31438USA-33,GHEXA516,-0.6401472718684245,0.0416666666666666,38.39358045432395,False
GHCVO568,GHCVR538USA,-0.6297052394429553,0.125,33.68529633774618,False
GHCVM538,GNSSW538,-0.6216200407406666,0.2916666666666667,55.88594391976373,False
GHCVO568,GHCVO568USA,-0.6104457158322345,0.6556547315611903,0.4404774042190554,False
GFLEW7501,GHEXS538,-0.6053289146642987,0.1666666666666666,40.56865647674484,False
GHCVO568USA,GNSSM554,-0.6024645413430018,0.4649702661750763,6.401189352996947,False
GFCOO214PS,GFLEO9501,-0.6022249088776852,0.3264290071820657,13.609506379384037,False
GFALO7504S,GFLEW7501,-0.6014738719545623,0.1666666666666666,33.18716301505971,False
GFALO7507,GFLEW7501,-0.5998930554176987,0.1666666666666666,37.03804169801851,False
GHEXA5147,GHNPO212,-0.5962548248710225,0.3333333333333333,,False
GFLEPH501-L,GNIIM554,-0.5955134865568119,0.2083333333333333,49.961952856843055,False
GFLEPH501-R,GNIIM554,-0.5955134865568119,0.4166666666666667,,False
GFALO7501,GFLEO9501,-0.5876545672530828,0.2915121364385081,15.00618120912634,False
GHCVM538,GNIIM5171,-0.5825993680910445,0.2083333333333333,61.17700359567225,False
GFLEO7501,GHEXA5146,-0.5790721868033727,0.1666666666666666,61.81693129752505,False
GFALO7508,GHCVM538,-0.5782945724855213,0.0833333333333333,,False
GFLEO7505,GHCVO568USA,-0.5772312261375124,0.0833333333333333,43.11932468474602,False
GFALO7505S,GFLEO1002,-0.5756511503651212,0.4756161568105639,7.642020394244108,False
GFLEO9505,GNSSM508,-0.5708503905253183,0.2083333333333333,26.24872473554552,False
GFLEO1002,GHCCM593,-0.5692554669231794,0.125,42.68935283401238,False
GHCCH589,GHCVO538USA,-0.5682619993383934,0.0416666666666666,36.19252617452994,False
GFBHO9503,GFLEW7501,-0.5673445925323183,0.25,34.47408572273461,False
GFLEO7503,GNSSW523,-0.5672022752625654,0.2083333333333333,33.099491656228615,False
GFLEO7505,GFLEW7501,-0.5631539659896309,0.5353368014636513,13.58652794145395,True
GHCVR31438,GHCVR538USA,-0.5606486333317455,0.5028512055795271,4.885951776818914,False
GFGLR9504,GHCCH589,-0.5601569240524246,0.0833333333333333,62.81368313036365,False
GFALO9501,GNIIH538,-0.5599933572120745,0.0833333333333333,,False
GFLEO9505,GHEXB538,-0.5531919219039932,0.125,37.65053434820858,False
ETCBB5144,GHCVO568USA,-0.55304668492358,0.0833333333333333,,False
GFALO9501,GHCVM538,-0.5500310900580847,0.0833333333333333,,False
