Employee Name,Gartman #,2025 Wages,2026 YTD Wages,Basis
ANDRADE ANTHONY,15,5000.00,5000.00,salary per payroll run
IBARRA ANTONIO,27,3400.00,3400.00,salary per payroll run
SALINAS SALVADOR,431,56864.40,39367.95,timecards x rate
COLINDRES CARLOS R,521,62616.45,45960.46,timecards x rate
CALDERON JULIO,533,16967.60,27162.98,timecards x rate
QUINTANILLA FEDERICO D,576,56467.75,39463.13,timecards x rate
MORENO MARIA G,586,57140.88,38410.79,timecards x rate
GALVEZ VERONICA E,622,68421.99,40901.91,timecards x rate
RODRIGUEZ RENE G,655,4500.00,4500.00,salary per payroll run
SORTO JOSE A,681,2200.00,2200.00,salary per payroll run
SALAS OLGA,694,53453.61,33392.32,timecards x rate
CARIASA CRISTINA,739,3300.00,3300.00,salary per payroll run
LEON HERNAN,763,94559.61,62046.81,timecards x rate
CANCHOLA IGNACIO,856,71529.36,45517.08,timecards x rate
GUTIERREZ JUAN M,878,44613.47,31142.87,timecards x rate
MEYER NANCY S,900,47016.72,27284.90,timecards x rate
GOMEZ JOSEPH S,904,3000.00,3000.00,salary per payroll run
GONZALEZ CESAR O,966,72202.88,41920.00,timecards x rate
MELGAR ROBERTO A,974,53372.38,9821.50,timecards x rate
PUEBLA ALEJANDRO,977,50666.90,30946.60,timecards x rate
BASILIO JACQUELIN,994,43330.98,28552.26,timecards x rate
RODRIGUEZ ANGELICA G,1001,62283.78,41911.22,timecards x rate
AQUINO KEVIN,1044,50946.94,31940.92,timecards x rate
RIVERA JAMES,1051,48707.75,31533.75,timecards x rate
LEWIS JAMES,1053,3000.00,3000.00,salary per payroll run
ESTRELLA DERIK,1065,41626.20,28766.64,timecards x rate
SOLORIO ERIC,1093,43693.50,29906.75,timecards x rate
BRITO MARICELA,1105,8210.25,64027.50,timecards x rate
YURIAR JUAN,1112,52558.80,32148.38,timecards x rate
CASTELLANOS EDUARDO,1124,42887.23,32153.06,timecards x rate
AGUILAR MENDOZAANDY,1140,46016.75,0.00,timecards x rate
O'REGAN BRIAN,1146,49360.52,32917.06,timecards x rate
HENRY DANIELLE,1154,74447.59,49000.46,timecards x rate
SALAZAR JOSE,1158,5531.95,0.00,timecards x rate
SANCHEZ CHARLIE,1164,49524.64,33673.42,timecards x rate
MORALES SALVADOR,1184,2800.00,2800.00,salary per payroll run
GALVEZ DAVID H,1189,71139.18,49090.91,timecards x rate
ALVAREZ ANA N,1209,41756.52,27420.58,timecards x rate
BALA WALTER A,1225,40499.90,28624.10,timecards x rate
UTASH NIKOLAUS O,1231,5872.23,66106.32,timecards x rate
ESCOBAR SANDRA S,1233,28.00,28.00,salary per payroll run
NAVARRO MAGDIEL N,1234,43081.70,28502.70,timecards x rate
FLORES TONY E,1238,66402.36,49948.56,timecards x rate
ALVILLAR THOMAS,1247,71968.50,44128.44,timecards x rate
CHAVARRIA BELEN,1251,54602.79,34835.57,timecards x rate
VENTURA ILSY D,1266,68128.92,41042.16,timecards x rate
PORTILLO BYRON O,1272,54809.28,38669.52,timecards x rate
LIZAMA JOSE,1275,51755.37,36895.22,timecards x rate
MENDIVIL JESUS A,1279,40606.73,8565.66,timecards x rate
HERNANDEZ MARIO E,1281,49501.29,33095.62,timecards x rate
RIVERA JESUS,1283,35220.96,24268.41,timecards x rate
CASTRO MARIA,1287,37289.78,23603.70,timecards x rate
HILASKI NICOLE,1291,37703.25,0.00,timecards x rate
DAVITASHVILI MARINA,1294,76123.12,51636.30,timecards x rate
ESPINOZA HERNANJONATHAN G,1297,50543.50,35353.80,timecards x rate
LEON EVANGELIN,1313,46902.84,29105.64,timecards x rate
SERNA JOSE M,1315,41566.40,26409.60,timecards x rate
VILLALVAZO DILAN,1318,58545.78,41530.90,timecards x rate
JUAREZ BRENDA A,1326,36913.30,23816.40,timecards x rate
BENTIVOLIO JACOB M,1327,999.99,0.00,salary per payroll run
SANCHEZ JUAN C,1328,32446.60,22777.90,timecards x rate
CARMICHAEL WARREN A,1331,6700.00,0.00,salary per payroll run
GUTIERREZ VASQUMELANIE K,1334,42065.60,3498.30,timecards x rate
GARCIA GEORGE A,1338,42042.35,20040.73,timecards x rate
CALLES ANDREA B,1339,59204.12,33759.99,timecards x rate
ROSALES LESLIE,1343,43107.20,7864.35,timecards x rate
ZAVALETA STEVEN,1344,20628.00,0.00,timecards x rate
CABALLERO STEPHEN A,1349,47307.91,28396.26,timecards x rate
MOLINA EDGAR A,1351,39491.91,18743.13,timecards x rate
ACEVEDO RICARDO,1353,12136.05,0.00,timecards x rate
LOPEZ JIMENEZ CESAR,1354,50537.44,31738.27,timecards x rate
GERMAN ERICK D,1355,43070.76,10214.82,timecards x rate
CORONA OSCAR,1356,15635.28,0.00,timecards x rate
PAREDES RUSSELLE,1357,29013.90,14940.62,timecards x rate
OROZCO LUIS G,1363,25907.45,0.00,timecards x rate
SANCHEZ ALEX,1365,44760.60,8883.70,timecards x rate
RODRIGUEZ ETHAN,1369,66376.20,41007.96,timecards x rate
ROBLEDO RONALDO,1371,39716.19,25976.16,timecards x rate
AVALOS URIEL,1372,37610.28,0.00,timecards x rate
RIOS GILBERT L,1374,0.00,18124.20,timecards x rate
ESPEJO LUIS A,1375,39036.06,25665.03,timecards x rate
MACIAS MACIAS YUNIESKY,1376,45693.99,31876.65,timecards x rate
PINA ALAN,1378,7616.28,0.00,timecards x rate
MORENO ERICK A,1379,39483.30,25772.20,timecards x rate
BERNAL ADRIAN,1380,38400.80,33683.39,timecards x rate
GONZALEZ JOSE C,1381,1530.07,0.00,timecards x rate
KOLLENDA CHASE,1382,5197.00,0.00,timecards x rate
ANGEL SAUL,1383,53396.91,39021.78,timecards x rate
VALLEJO JOHN A,1384,751.93,0.00,timecards x rate
RIOS OROZCO BRYAN,1385,30561.93,28610.82,timecards x rate
ALEMAN EPITASIO,1386,4334.58,0.00,timecards x rate
RODRIGUEZ MELVIN,1387,50708.28,45850.68,timecards x rate
FLORES GERARDO,1388,58486.07,62878.20,timecards x rate
CALLES MARCIA,1389,34687.32,31099.68,timecards x rate
EO LANGE,1390,66194.00,73424.50,timecards x rate
MARTINEZ DAMIAN,1391,28188.54,27742.59,timecards x rate
ROSALES RODRIGO H,1392,29567.43,33510.87,timecards x rate
MENDOZA JIMMY,1393,6756.70,0.00,timecards x rate
FUENTES CHRISTIAN,1394,18469.30,12398.70,timecards x rate
GONZALEZ ERIK,1395,6991.15,14116.15,timecards x rate
GONZALEZ MANUEL,1396,5841.65,21333.39,timecards x rate
RAMIREZ JOSE J,1397,0.00,28498.47,timecards x rate
GARCIA DAVID,1398,0.00,166.25,timecards x rate
GASPARIAN MARIAM,1399,0.00,26610.26,timecards x rate
HARRINGTON LAIZA,1400,0.00,20223.50,timecards x rate
RUIZ ROGELIO,1401,0.00,15402.51,timecards x rate
MEJIA ROSALES CARLOS,1402,0.00,9010.47,timecards x rate
SIMMONS CAMERON,1403,0.00,11260.13,timecards x rate
MENDOZA VASQUEZGIOVANNI,1404,0.00,8628.28,timecards x rate
RAMOS VICENTE,1405,0.00,7938.58,timecards x rate
VIRGEN WILLIAM,1406,0.00,4780.69,timecards x rate
MANCIAS JAYSON,1407,0.00,1592.96,timecards x rate
ANDRADE STEVEN,1408,0.00,253.00,timecards x rate
TOTAL (113 employees),,3803833.62,2647064.90,
