file,sku,demand_class,forecast_method,hist_weeks,hist_mean_wk,recent_mean_wk,fc_mean_wk,ratio_fc_recent,ratio_fc_hist,max_fcst_backorders,min_fcst_ending_inventory,flags
sundries,AALB128,INTERMITTENT,HISTORICAL_MEAN_CAPPED,275,0.03636363636363636,0.057692307692307696,0.1730769230769231,2.999999948000001,4.759615253725966,0.0,2.23,fc_vs_history_too_high
sundries,ABNO40813,INTERMITTENT,XGBOOST,28,10.714285714285714,10.714285714285714,0.0006665436667390168,6.221074222316856e-05,6.221074222316856e-05,0.0,-0.0,fc_vs_recent_too_low
sundries,ABNO69004,SMOOTH,HISTORICAL_MEAN_CAPPED,20,5.0,5.0,10.0,1.9999999996,1.9999999996,0.0,101.43,monthly_level_rare_in_history
sundries,AB3M27806,SMOOTH,HISTORICAL_MEAN_CAPPED,10,0.6,0.6,1.2000000000000004,1.9999999966666675,1.9999999966666675,0.0,5.31,monthly_level_rare_in_history
sundries,ADSI776374,ERRATIC,CROSTON,18,12.11111111111111,12.11111111111111,14.888251861280754,1.2293051994537894,1.2293051994537894,0.0,41.36,monthly_level_rare_in_history
sundries,ADSI779240,INTERMITTENT,SBA,11,3.4545454545454546,3.4545454545454546,3.8678571428571424,1.1196428568187498,1.1196428568187498,0.0,17.36,monthly_level_rare_in_history
sundries,ADSI812628,LUMPY,TSB,12,1.0,1.0,1.3094505980981106,1.3094505967886598,1.3094505967886598,0.0,8.4,monthly_level_rare_in_history
sundries,ADWAFL014,INTERMITTENT,HISTORICAL_MEAN_CAPPED,21,0.19047619047619047,0.19047619047619047,0.5714285714285714,2.99999998425,2.99999998425,0.0,5.71,monthly_level_rare_in_history
sundries,ADWAFL180,LUMPY,CROSTON,166,0.4879518072289157,0.21153846153846154,0.41222815358162956,1.9487148986283238,0.8448132512877963,0.0,5.24,order_up_to_below_rop
sundries,ADWAFL188,LUMPY,RECENT_AVG,38,1.9210526315789473,1.9210526315789473,0.05263157894736843,0.02739726025971102,0.02739726025971102,0.0,52.21,fc_vs_recent_too_low
sundries,ARLB116,INTERMITTENT,XGBOOST,41,0.926829268292683,0.926829268292683,7.728964556008577e-05,8.339145959327544e-05,8.339145959327544e-05,0.0,70.0,fc_vs_recent_too_low
sundries,BELO8Z019,LUMPY,SAFE_MEAN,163,1.5582822085889572,1.1923076923076923,1.5582822085889576,1.306946367397816,0.999999999358268,0.0,54.74,order_up_to_below_rop
sundries,BENO45038,LUMPY,RANDOM_FOREST,51,0.09803921568627451,0.09803921568627451,0.0,0.0,0.0,0.0,8.0,order_up_to_below_rop
sundries,BENO50001,INTERMITTENT,COLD_START_RECENT_ZERO,5,2.0,2.0,0.0,0.0,0.0,0.0,14.29,fc_vs_recent_too_low
sundries,BENO50021,INTERMITTENT,HISTORICAL_MEAN_CAPPED,299,0.07692307692307693,0.09615384615384616,0.2884615384615385,2.9999999688000005,3.749999951250001,0.0,16.59,fc_vs_history_too_high
sundries,BE3M8150,LUMPY,RANDOM_FOREST,297,0.05723905723905724,0.019230769230769232,0.0,0.0,0.0,0.0,21.0,order_up_to_below_rop
sundries,BE3M850,SMOOTH,RANDOM_FOREST,299,17.193979933110366,20.26923076923077,36.756552898490405,1.8134162719423181,2.13775711262584,0.0,25.51,monthly_level_rare_in_history
sundries,BP3MMAR16,SMOOTH,RANDOM_FOREST,299,23.351170568561873,28.115384615384617,43.61721415708385,1.5513646621666821,1.8678812707547372,0.0,81.77,monthly_level_rare_in_history
sundries,BRTA4,ERRATIC,XGBOOST,299,4.518394648829432,5.711538461538462,8.730339366656084,1.528544265948256,1.9321772539248319,0.0,26.03,monthly_level_rare_in_history
sundries,DPNO1280C,LUMPY,RECENT_AVG,294,0.42517006802721086,0.9807692307692307,0.11538461538461536,0.11764705870357553,0.2713846147463187,0.0,5.35,fc_vs_recent_too_low
sundries,EDNO55958,INTERMITTENT,RANDOM_FOREST,246,0.4065040650406504,0.9615384615384616,0.0,0.0,0.0,0.0,125.0,fc_vs_recent_too_low
sundries,EDNO55964,INTERMITTENT,HISTORICAL_MEAN_CAPPED,293,0.3412969283276451,0.4807692307692308,1.4423076923076923,2.99999999376,4.2259615260794705,0.0,35.58,fc_vs_history_too_high
sundries,ED3M6607,INTERMITTENT,RANDOM_FOREST,299,6.765886287625418,18.71153846153846,37.869679674492176,2.0238677728348944,5.5971498868015885,0.0,57.87,fc_vs_history_too_high|monthly_level_rare_in_history
sundries,ES3M100T,INTERMITTENT,COLD_START_RECENT_ZERO,11,1.8181818181818181,1.8181818181818181,0.0,0.0,0.0,0.0,28.57,fc_vs_recent_too_low
sundries,FAPNC120,LUMPY,RANDOM_FOREST,298,0.12080536912751678,0.09615384615384616,0.30971723425679926,3.221059202771696,2.563770417903405,0.0,32.45,fc_vs_recent_too_high
sundries,FAPNC2S,SMOOTH,RANDOM_FOREST,299,12.57190635451505,15.48076923076923,22.778315685131858,1.4713943050314835,1.8118426148743507,0.0,24.22,monthly_level_rare_in_history
sundries,FASTSX503534,INTERMITTENT,HISTORICAL_MEAN_CAPPED,267,0.011235955056179775,0.038461538461538464,0.11538461538461536,2.9999999220000015,10.26922985526931,0.0,2.13,fc_vs_history_too_high|monthly_level_rare_in_history
sundries,FCBOG850832,INTERMITTENT,XGBOOST,24,1.875,1.875,5.331181526184082,2.843296812448419,2.843296812448419,0.0,18.08,monthly_level_rare_in_history
sundries,FCDS7101L,INTERMITTENT,HISTORICAL_MEAN_CAPPED,285,0.014035087719298246,0.019230769230769232,0.05769230769230768,2.9999998440000075,4.110576630198337,0.0,3.92,fc_vs_history_too_high
sundries,FCWO532325AA,INTERMITTENT,RECENT_AVG,280,0.02142857142857143,0.057692307692307696,0.07692307692307694,1.333333310222223,3.589743422222231,0.0,2.89,fc_vs_history_too_high
sundries,FIBOW1558,LUMPY,HOLT_DAMPED,190,0.6105263157894737,0.3076923076923077,0.33790918556985383,1.0982048495328591,0.5534719409751083,0.0,23.95,order_up_to_below_rop
sundries,FIDSO81410,LUMPY,HISTORICAL_MEAN_CAPPED,291,0.041237113402061855,0.1346153846153846,0.40384615384615385,2.9999999777142863,9.793268993282458,0.0,2.8,fc_vs_history_too_high|monthly_level_rare_in_history
sundries,FIDSO835613,LUMPY,HOLT_DAMPED,130,2.146153846153846,2.3653846153846154,2.3313337117790396,0.9856044956199888,1.086284524695549,0.0,316.44,order_up_to_below_rop
sundries,FIDSW83405,LUMPY,CROSTON,299,0.5183946488294314,0.5769230769230769,0.6101268531758306,1.0575532103383476,1.176954379017187,0.0,24.4,order_up_to_below_rop
sundries,FIHAW5000G,LUMPY,HOLT_DAMPED,296,1.8277027027027026,0.8076923076923077,0.6367986916782242,0.7884174268159513,0.34841481078303804,0.0,13.98,order_up_to_below_rop
sundries,FIHAW6403G,LUMPY,HISTORICAL_MEAN_CAPPED,299,0.9431438127090301,0.15384615384615385,0.46153846153846145,2.9999999804999993,0.4893617016087973,0.0,7.67,order_up_to_below_rop
sundries,FILBW330,SMOOTH,HOLT_DAMPED,170,8.064705882352941,12.865384615384615,15.360535137681294,1.1939429403547717,1.9046615412706256,0.0,26.34,monthly_level_rare_in_history
sundries,FILB008,LUMPY,SBA,297,1.3771043771043772,1.1153846153846154,1.312848122866894,1.1770362470322862,0.9533395897514074,0.0,14.67,order_up_to_below_rop
sundries,FPGL3120,INTERMITTENT,CROSTON,298,0.09060402684563758,0.019230769230769232,0.06122173555945527,3.18353008354811,0.675706555383597,0.0,4.73,fc_vs_recent_too_high
sundries,HB2325,INTERMITTENT,HISTORICAL_MEAN_CAPPED,274,0.021897810218978103,0.038461538461538464,0.11538461538461536,2.9999999220000015,5.269230528602574,0.0,1.84,fc_vs_history_too_high
sundries,HB2623,INTERMITTENT,RECENT_AVG,260,0.011538461538461539,0.038461538461538464,0.07692307692307694,1.9999999480000017,6.666666088888941,0.0,1.56,fc_vs_history_too_high|monthly_level_rare_in_history
sundries,HILO178060,INTERMITTENT,SAFE_MEAN,127,17.716535433070867,14.423076923076923,17.716535433070867,1.228346456607748,0.9999999999435556,177.17,-177.17,negative_ending_inventory_fcst
sundries,HILO178100,INTERMITTENT,SAFE_MEAN,127,16.929133858267715,7.6923076923076925,16.92913385826772,2.200787401288701,0.9999999999409305,169.29,-169.29,negative_ending_inventory_fcst
sundries,HI3M5RQC805,ERRATIC,TSB,299,114.81939799331104,213.44230769230768,258.69829878599967,1.2120291500864004,2.25308879252979,0.0,523.65,monthly_level_rare_in_history
sundries,HTCR338,INTERMITTENT,HISTORICAL_MEAN_CAPPED,194,0.010309278350515464,0.019230769230769232,0.05769230769230768,2.9999998440000075,5.596153303326975,0.0,1.92,fc_vs_history_too_high|monthly_level_rare_in_history
sundries,HTCR672,INTERMITTENT,HISTORICAL_MEAN_CAPPED,35,0.08571428571428572,0.08571428571428572,0.25714285714285706,2.9999999649999993,2.9999999649999993,0.0,2.26,monthly_level_rare_in_history
sundries,HTSO,INTERMITTENT,HISTORICAL_MEAN_CAPPED,21,0.23809523809523808,0.23809523809523808,0.7142857142857143,2.9999999874000003,2.9999999874000003,0.0,7.14,monthly_level_rare_in_history
sundries,MBGA10M,SMOOTH,CROSTON,209,71.23923444976077,75.84615384615384,68.38795106576327,0.9016666976097373,0.9599759401265288,499.88,-499.88,negative_ending_inventory_fcst
sundries,MBSI740331,ERRATIC,CROSTON,156,4.211538461538462,6.6923076923076925,8.809708337627942,1.3163931996787372,2.0918028924560694,0.0,8.29,monthly_level_rare_in_history
sundries,MPDB29736,LUMPY,HISTORICAL_MEAN_CAPPED,288,0.041666666666666664,0.11538461538461539,0.3461538461538462,2.9999999740000005,8.307692108307698,0.0,2.45,fc_vs_history_too_high|monthly_level_rare_in_history
sundries,MPDD12,INTERMITTENT,XGBOOST,299,0.08361204013377926,0.057692307692307696,0.3992896584364084,6.9210206262667215,4.775504257784414,0.0,54.67,fc_vs_recent_too_high|fc_vs_history_too_high
sundries,PRSI187782,LUMPY,HISTORICAL_MEAN_CAPPED,50,0.5,0.5,1.5,2.9999999940000004,2.9999999940000004,0.0,7.5,monthly_level_rare_in_history
sundries,PS660050,LUMPY,RANDOM_FOREST,291,0.09278350515463918,0.19230769230769232,0.0,0.0,0.0,0.0,566.0,order_up_to_below_rop
sundries,RKDTRS8,LUMPY,HOLT_DAMPED,299,1.9921471571906355,1.9230769230769231,1.9898509727895626,1.0347225053125169,0.9988473816346185,0.0,17.58,order_up_to_below_rop
sundries,RKGU09441,INTERMITTENT,CROSTON,211,0.014218009478672985,0.019230769230769232,0.05189413596263621,2.698494929735346,3.649887305996673,0.0,1.49,fc_vs_history_too_high
sundries,RKLBFI293,INTERMITTENT,HISTORICAL_MEAN_CAPPED,17,0.058823529411764705,0.058823529411764705,0.17647058823529407,2.999999949,2.999999949,0.0,1.45,monthly_level_rare_in_history
sundries,SBMU134,LUMPY,HISTORICAL_MEAN_CAPPED,298,2.204697986577181,1.0576923076923077,3.1730769230769242,2.9999999971636373,1.4392342810472323,1.13,-1.13,order_up_to_below_rop|negative_ending_inventory_fcst
sundries,SCCR350,INTERMITTENT,RANDOM_FOREST,297,0.8282828282828283,1.2884615384615385,2.1996057553557553,1.7071567043242852,2.65562157947943,0.0,8.93,monthly_level_rare_in_history
sundries,SSNO71017,LUMPY,RANDOM_FOREST,293,0.447098976109215,0.019230769230769232,0.23534307359307352,12.237839190472185,0.5263780183858151,0.0,82.43,fc_vs_recent_too_high
sundries,STDS122,LUMPY,XGBOOST,297,0.6094276094276094,0.07692307692307693,0.23843749096760383,3.0996873422829143,0.39124825801755586,0.0,4.15,fc_vs_recent_too_high
sundries,STGCAL,INTERMITTENT,HISTORICAL_MEAN_CAPPED,23,0.43478260869565216,0.43478260869565216,1.3043478260869565,2.9999999931,2.9999999931,0.0,14.47,monthly_level_rare_in_history
sundries,TK3M536,INTERMITTENT,HISTORICAL_MEAN_CAPPED,24,0.4166666666666667,0.4166666666666667,1.25,2.9999999928,2.9999999928,0.0,368.21,monthly_level_rare_in_history
sundries,UNBERB2MF,LUMPY,CROSTON,299,4.8193979933110365,3.326923076923077,4.000965733233102,1.2026024165640805,0.8301795655714599,0.0,7.14,order_up_to_below_rop
sundries,UNBLHV830,ERRATIC,XGBOOST,299,18.28428093645485,24.25,0.003081735223531723,0.00012708186488266562,0.00016854560669207793,0.0,30.64,fc_vs_recent_too_low
sundries,UNBOD63168952,LUMPY,XGBOOST,298,4.7502181208053695,9.241634615384616,12.03567111492157,1.3023314180354382,2.533709148991097,0.0,23.34,monthly_level_rare_in_history
sundries,WPCP124,INTERMITTENT,RECENT_AVG,241,0.008298755186721992,0.019230769230769232,0.03846153846153847,1.9999998960000058,4.6346148261443,0.0,1.45,fc_vs_history_too_high|monthly_level_rare_in_history
sundries,WPDSFMO1,INTERMITTENT,HISTORICAL_MEAN_CAPPED,21,0.09523809523809523,0.09523809523809523,0.2857142857142857,2.9999999685000005,2.9999999685000005,0.0,2.33,monthly_level_rare_in_history
sundries,WPWFC1,ERRATIC,RANDOM_FOREST,299,4.237458193979933,7.0,12.955538072420156,1.8507911529384806,3.0573842799837956,0.0,9.57,fc_vs_history_too_high|monthly_level_rare_in_history
moulding,MOBT58M,LUMPY,SBA,299,2.94314381270903,4.653846153846154,2.8048822814831955,0.602701977709858,0.9530225021346839,0.0,1565.64,order_up_to_below_rop
moulding,MOBT58W,LUMPY,SAFE_MEAN,289,1.6072664359861593,1.0865384615384615,1.5968858131487889,1.4697002160586303,0.9935414417930386,0.0,845.68,order_up_to_below_rop
moulding,MOCV1234M,LUMPY,SBA,299,22.411371237458194,14.442307692307692,21.612549165735103,1.4964747756862966,0.9643563946077381,0.0,2292.27,order_up_to_below_rop
moulding,MONO12H,LUMPY,SAFE_MEAN,296,5.27027027027027,2.394230769230769,5.189189189189189,2.167372190563329,0.98461538442856,0.0,650.75,order_up_to_below_rop
moulding,MONO12W,LUMPY,CROSTON,296,6.613175675675675,9.288461538461538,8.250657872172113,0.8882695844860452,1.247609057365851,0.0,324.68,order_up_to_below_rop
moulding,MONO34W,LUMPY,XGBOOST,298,5.1610738255033555,4.644230769230769,3.6107475402263494,0.7774694494879576,0.6996116819109024,0.0,2283.08,order_up_to_below_rop
moulding,MOQR34M,LUMPY,SBA,296,6.89527027027027,16.41346153846154,6.4893251867995,0.3953660336180609,0.9411270235247813,0.0,3805.78,order_up_to_below_rop
moulding,MORE12M,LUMPY,HOLT_DAMPED,299,6.198996655518394,7.0673076923076925,5.368878471033142,0.7596780420522996,0.8660882992068784,0.0,828.65,order_up_to_below_rop
moulding,MORE12W,LUMPY,SBA,298,3.424496644295302,2.855769230769231,3.2357924943015304,1.1330721188199315,0.9448957991379491,0.0,560.12,order_up_to_below_rop
moulding,MORE34M,LUMPY,SBA,298,9.335570469798657,7.0576923076923075,8.85671044027899,1.254901751578345,0.9487058630195632,0.0,1239.8,order_up_to_below_rop
moulding,MORE34OLM,LUMPY,SAFE_MEAN,297,1.3181818181818181,0.46153846153846156,1.318181818181818,2.8560605998724737,0.9999999992413791,0.0,1788.57,order_up_to_below_rop
moulding,MOSC316M,LUMPY,CROSTON,297,2.4797979797979797,3.3365384615384617,2.8678262359722098,0.8595214076418431,1.156475752532618,0.0,1233.28,order_up_to_below_rop
moulding,MOSC316O,LUMPY,CROSTON,298,10.776845637583893,41.375,42.45103172954207,1.0260068091484247,3.9390962024691536,0.0,289.3,fc_vs_history_too_high
moulding,MOSC316R,LUMPY,HOLT_DAMPED,299,4.448160535117057,6.653846153846154,5.723919526222461,0.8602422408058825,1.28680596838779,0.0,900.18,order_up_to_below_rop
moulding,MOSL152M,LUMPY,HOLT_DAMPED,290,4.963793103448276,3.4615384615384617,4.929576455120825,1.4240998644012761,0.9931067535234723,0.0,1369.62,order_up_to_below_rop
moulding,MOTHO58,LUMPY,HOLT_DAMPED,299,3.963210702341137,3.076923076923077,3.285110279089515,1.0676608403571026,0.8289012432066866,0.0,932.48,order_up_to_below_rop
moulding,MOTHR58,LUMPY,CROSTON,297,2.887205387205387,3.0384615384615383,2.7752306012117973,0.91336703300961,0.9612168959468482,0.0,1601.72,order_up_to_below_rop
moulding,MOTMW58,LUMPY,TSB,298,4.800335570469799,5.009615384615385,9.451164919817067,1.886604897245236,1.968855047548946,0.0,646.04,order_up_to_below_rop
moulding,MOTRH,LUMPY,HOLT_DAMPED,298,8.845637583892618,6.490384615384615,7.5387877004843675,1.1615317344141851,0.8522605214303368,0.0,305.71,order_up_to_below_rop
