file,sku,forecast_method_new,demand_class,hist_mean_wk,recent_mean_wk,fc_mean_wk_new,ratio_fc_recent_new,ratio_fc_hist_new,flags_new
sundries,TK3M536,HISTORICAL_MEAN_CAPPED,INTERMITTENT,0.4166666666666667,0.4166666666666667,1.25,2.9999999928,2.9999999928,
sundries,WPCRBD23,HOLT_DAMPED,SMOOTH,2.5752508361204014,1.7115384615384615,1.551883764179899,0.9067186032607346,0.6026146042981922,
sundries,SBCR377,CROSTON,LUMPY,0.9431438127090301,0.6730769230769231,0.6766331689773417,1.0052835638442006,0.7174231110273604,
sundries,BE3M860,CROSTON,SMOOTH,20.1438127090301,23.115384615384617,22.336185193578316,0.966290873557259,1.108836023999398,
sundries,STDS150,HOLT_DAMPED,ERRATIC,4.429530201342282,5.173076923076923,4.34818848235848,0.8405420112971478,0.9816364904926509,
sundries,BE3MH1260,HOLT_DAMPED,ERRATIC,4.207357859531773,6.576923076923077,6.058361551032628,0.9211543877362475,1.4399444382577204,
sundries,HTCR308C,CROSTON,INTERMITTENT,0.13945578231292516,0.057692307692307696,0.10283685106633514,1.7825053875863823,0.7374154633342046,
sundries,ACNAMAS,RECENT_AVG,INTERMITTENT,0.1939799331103679,0.1346153846153846,0.07692307692307694,0.5714285671836736,0.3965517220936386,
sundries,ADWAFL106,XGBOOST,INTERMITTENT,0.2620689655172414,0.23076923076923078,0.039031513035297394,0.16913655575336362,0.14893603601374725,
sundries,HTST11921,HISTORICAL_MEAN_CAPPED,INTERMITTENT,0.1174496644295302,0.019230769230769232,0.05769230769230768,2.9999998440000075,0.49120878702649917,
sundries,APSH7,RANDOM_FOREST,INTERMITTENT,0.047619047619047616,0.019230769230769232,0.0,0.0,0.0,
sundries,STDS137,CROSTON,ERRATIC,4.617565217391305,3.9740769230769226,3.497889742744483,0.8801766572641153,0.7575182108555251,
sundries,FASEBAY11EAA,SBA,INTERMITTENT,0.0436241610738255,0.038461538461538464,0.039672341792483135,1.0314808597860592,0.9094121217811663,
sundries,STDS130,CROSTON,ERRATIC,4.39613468013468,6.108692307692308,7.420090129358486,1.2146773408115739,1.687866880239278,
sundries,FIBOW51153,HOLT_DAMPED,LUMPY,1.8355384615384616,3.0576923076923075,2.3837533264129322,0.7795922825970671,1.2986670533268563,
sundries,WPCRCA28,HOLT_DAMPED,ERRATIC,2.904026755852843,3.4005,2.917478191464315,0.8579556508179266,1.0046319940337085,
sundries,ACVAEA70131P,SBA,INTERMITTENT,0.7391304347826086,1.1153846153846154,0.7021580457822068,0.6295210059989595,0.949978531243603,
sundries,HILO178060,SAFE_MEAN,INTERMITTENT,17.716535433070867,14.423076923076923,17.716535433070867,1.228346456607748,0.9999999999435556,
sundries,HTST58112,CROSTON,INTERMITTENT,0.15570934256055363,0.3076923076923077,0.23018576342147115,0.748103728688444,1.4783041155905616,
sundries,BENO45038,RANDOM_FOREST,LUMPY,0.09803921568627451,0.09803921568627451,0.0,0.0,0.0,
sundries,ADBOG69931,CROSTON,SMOOTH,78.14715719063545,126.86538461538461,109.44377529789486,0.8626764158626153,1.4004831299174791,
sundries,WPCR10BA14,SBA,LUMPY,0.31986531986531985,0.15384615384615385,0.30276768241543195,1.967989922908373,0.9465473831185127,
sundries,STLB043,RECENT_AVG,LUMPY,0.48314606741573035,0.25,0.2692307692307693,1.0769230726153847,0.5572450793475268,
sundries,DP3M1230C,SBA,INTERMITTENT,0.2895622895622896,0.25,0.2634674447174448,1.0538697746543,0.909881753614491,
sundries,ADBOG641304G-,SBA,SMOOTH,24.506849315068493,23.807692307692307,23.275813157251154,0.9776593571294199,0.9497676693180555,
sundries,FASEBAX18,PROPHET,SMOOTH,3.2435652173913043,3.7884615384615383,3.5916340343650757,0.9480455316633786,1.107310564930278,
sundries,TAFBHEF107308,SBA,LUMPY,6.578740157480315,14.115384615384615,6.263201286261632,0.44371453251026116,0.9520365807711773,
sundries,FILBW421,SBA,INTERMITTENT,1.2424242424242424,1.2424242424242424,1.1517473118279566,0.9270161282861228,0.9270161282861228,
sundries,FAPNC2S,RANDOM_FOREST,SMOOTH,12.57190635451505,15.48076923076923,22.778315685131858,1.4713943050314835,1.8118426148743507,
sundries,EP3M1100,CROSTON,LUMPY,3.1945392491467577,4.615384615384615,4.819999005540673,1.0443331176408737,1.5088244745527046,
sundries,AB3M27819,RECENT_AVG,LUMPY,0.10175438596491228,0.057692307692307696,0.07692307692307694,1.333333310222223,0.7559681623319311,
sundries,BE3M1036,CROSTON,LUMPY,3.1894715719063544,2.769230769230769,2.674719444695224,0.9658709102355997,0.8386089618782615,
sundries,ED3M247,SBA,INTERMITTENT,15.047204013377929,16.792576923076926,14.298259545997603,0.8514630965005132,0.9502270011315928,
sundries,FIDSW80615,CROSTON,ERRATIC,4.352769230769231,2.423076923076923,2.7413614714006687,1.1313555274127325,0.6297971074121043,
sundries,BRTA3,RANDOM_FOREST,ERRATIC,5.3478260869565215,7.461538461538462,7.420585046897547,0.9945113979045306,1.3875890735506426,
sundries,UNSI649187,HOLT_DAMPED,LUMPY,8.624203821656051,3.75,2.197876587835351,0.5861004232664668,0.25484979634426785,
sundries,MB612C,CROSTON,LUMPY,0.7491638795986622,0.28846153846153844,0.34360962371333764,1.1911800247434798,0.45865748818370256,
sundries,WPCA20096M,SBA,INTERMITTENT,0.9362416107382551,1.0384615384615385,0.8902632401187317,0.8572905266962024,0.950890484845938,
sundries,UNSI582499,CROSTON,LUMPY,1.7058823529411764,0.8846153846153846,1.2657497457232008,1.4308475370261384,0.7419912298165711,
sundries,ADDR605,HOLT_DAMPED,SMOOTH,78.68561872909699,81.61538461538461,48.11643534234526,0.5895510456577043,0.6115022810888934,
sundries,WPCRDE10,HOLT_DAMPED,INTERMITTENT,0.8896321070234113,0.5961538461538461,0.6034528680132187,1.0122435188403456,0.6783173208012614,
sundries,FCBO18174,SBA,INTERMITTENT,0.5827586206896552,0.8653846153846154,0.5526595426245211,0.6386288040725867,0.9483506928170972,
sundries,FIDSW83410,TSB,INTERMITTENT,0.7449664429530202,0.6153846153846154,0.6064255593127839,0.9854415322819313,0.8140307046514794,
sundries,RFPU14B744009,CROSTON,INTERMITTENT,1.4018691588785046,2.25,2.118612247804104,0.9416054430499994,1.5112767356888834,
sundries,FCWO511210A,SBA,LUMPY,0.6655518394648829,0.75,0.6325997425997426,0.8434663223417017,0.9504890590609388,
sundries,ACVAVA70120R,RECENT_AVG,INTERMITTENT,0.04477611940298507,0.019230769230769232,0.03846153846153847,1.9999998960000058,0.858974339790599,
sundries,STLB200,CROSTON,INTERMITTENT,0.32967032967032966,0.17307692307692307,0.285542250995493,1.6497996628862284,0.8661448253923562,
sundries,UNLO18,CROSTON,SMOOTH,37.1505016722408,54.59615384615385,51.70282176916943,0.9470048368959374,1.3917126133026234,
sundries,FCWO511125A,HOLT_DAMPED,LUMPY,0.2976588628762542,0.11538461538461539,0.29630813599671274,2.5680038230488105,0.9954621614086956,
moulding,MOTHO58,HOLT_DAMPED,LUMPY,3.963210702341137,3.076923076923077,3.285110279089515,1.0676608403571026,0.8289012432066866,
moulding,MORIM,PROPHET,LUMPY,35.72280936454849,41.05092307692308,41.35824652840688,1.0074863956140632,1.1577545904968292,
moulding,MOTRR,SBA,ERRATIC,143.10033444816054,193.7403846153846,135.9295325236292,0.7016065999495991,0.949889691361421,
moulding,MORE12R,SBA,SMOOTH,52.210551839464884,55.17221153846154,49.59946571381917,0.8989936116362401,0.9499893022654851,
moulding,MORE38M,CROSTON,INTERMITTENT,2.0841750841750843,3.1634615384615383,2.7157808215820642,0.8584839068548704,1.3030483095684453,
moulding,MOSL152R,PROPHET,ERRATIC,23.907150501672238,27.653846153846153,31.663451170446255,1.144992670934399,1.3244343430601255,
moulding,MORIW,HOLT_DAMPED,LUMPY,18.65771812080537,31.557692307692307,30.738610725101157,0.9740449467730712,1.6475010783433792,
moulding,MONO34R,SBA,ERRATIC,40.376254180602004,45.75,38.342552652008415,0.8380885825392421,0.9496312480982877,
moulding,MONO34M,TSB,LUMPY,9.431197324414715,12.717346153846155,14.587614347616531,1.1470643458153948,1.5467404449598954,
moulding,MOTRO,SBA,ERRATIC,164.60739130434783,197.34615384615384,156.36627590077188,0.7923451906839736,0.9499347183669984,
moulding,MORE12M,HOLT_DAMPED,LUMPY,6.198996655518394,7.0673076923076925,5.368878471033142,0.7596780420522996,0.8660882992068784,
moulding,MORE34OLM,SAFE_MEAN,LUMPY,1.3181818181818181,0.46153846153846156,1.318181818181818,2.8560605998724737,0.9999999992413791,
moulding,MOBS12O,PROPHET,SMOOTH,393.7324414715719,378.75,381.0654857873576,1.0061134938253504,0.9678285191897333,
moulding,MORE34OLO,RANDOM_FOREST,ERRATIC,18.97993311036789,14.201923076923077,22.7612998892153,1.6026913935759726,1.1992297209721243,
moulding,MOQR34M,SBA,LUMPY,6.89527027027027,16.41346153846154,6.4893251867995,0.3953660336180609,0.9411270235247813,
moulding,MOCV1234R,SBA,LUMPY,39.69899665551839,37.97115384615385,37.57031399808245,0.9894435694347108,0.9463794343002263,
moulding,MOTRM,TSB,LUMPY,38.70357190635452,42.449384615384616,46.06539923735271,1.0851841470411419,1.190210540454001,
moulding,MOTROPC42,HOLT_DAMPED,LUMPY,13.248424242424242,13.653846153846153,12.701747835561168,0.930268855494094,0.9587364959169078,
moulding,MORE34W,SAFE_MEAN,LUMPY,1.5771812080536913,2.230769230769231,1.5637583892617453,0.7009951396996466,0.9914893610734813,
moulding,MOQR34W,RECENT_AVG,LUMPY,0.991701244813278,0.33653846153846156,0.2884615384615384,0.857142854595918,0.2908754422557731,
moulding,MOBT58W,SAFE_MEAN,LUMPY,1.6072664359861593,1.0865384615384615,1.5968858131487889,1.4697002160586303,0.9935414417930386,
moulding,MOST12,SBA,ERRATIC,94.56905685618729,104.50961538461539,89.8019237482588,0.8592694884285169,0.949590983907902,
moulding,MONO34O,SBA,ERRATIC,68.21571906354515,75.63461538461539,65.01241301907967,0.8595589821885191,0.9530415263608885,
moulding,MORE12O,CROSTON,ERRATIC,71.41245484949833,64.00961538461539,67.76188450481489,1.0586203978354591,0.9488804809563556,
moulding,MOCV1234M,SBA,LUMPY,22.411371237458194,14.442307692307692,21.612549165735103,1.4964747756862966,0.9643563946077381,
moulding,MOBS12R,HOLT_DAMPED,ERRATIC,309.5418060200669,293.21153846153845,283.4981731519621,0.9668724997607235,0.9158639241533265,
moulding,MONO34R5,SAFE_MEAN,LUMPY,11.119127516778523,11.625,10.716442953020131,0.9218445550192075,0.963784517794716,
moulding,MONO12R,PROPHET,ERRATIC,41.618729096989966,47.71153846153846,44.75168295835436,0.9379635283295659,1.0752774995360372,
moulding,MOTRH,SBA,LUMPY,8.845637583892618,6.490384615384615,8.368253968253967,1.2893309815767735,0.9460317459247969,
moulding,MORE38O,HOLT_DAMPED,ERRATIC,21.33167892976589,19.770884615384617,19.79369811619736,1.001153893730877,0.9279015580742518,
moulding,MONO34O5,CROSTON,LUMPY,28.07989966555184,23.471153846153847,26.313491117531555,1.1210991708753328,0.9370934878686767,
moulding,MOSL152O,SBA,ERRATIC,26.286912751677853,22.23076923076923,24.955205905205908,1.1225525147165523,0.9493395493034349,
moulding,MOST34,XGBOOST,ERRATIC,235.92151839464884,281.08653846153845,318.80243213360126,1.134178939615386,1.3513071393469,
moulding,MOCV1234O,PROPHET,LUMPY,74.3639331103679,70.53846153846153,67.90741245073788,0.9627005036500298,0.9131767190021983,
moulding,MOSL152M,HOLT_DAMPED,LUMPY,4.963793103448276,3.4615384615384617,4.929576455120825,1.4240998644012761,0.9931067535234723,
moulding,MOSC316R,HOLT_DAMPED,LUMPY,4.448160535117057,6.653846153846154,5.723919526222461,0.8602422408058825,1.28680596838779,
moulding,MORE34O,SBA,SMOOTH,64.89799331103679,61.81730769230769,61.65028836309863,0.9972981785127608,0.9499567739587443,
moulding,MOTROPC48,PROPHET,ERRATIC,17.94314381270903,19.78846153846154,22.079318291321098,1.1157672994078494,1.230515595291162,
moulding,MOBS12H,HOLT_DAMPED,LUMPY,4.298534798534798,2.0288461538461537,4.207045213275147,2.0736147012557313,0.978716099665041,
moulding,MONO34W,XGBOOST,LUMPY,5.1610738255033555,4.644230769230769,3.6107475402263494,0.7774694494879576,0.6996116819109024,
moulding,MOTMM58,SBA,LUMPY,14.508389261744966,13.298076923076923,13.764753846880016,1.0350935646911583,0.948744453819248,
moulding,MOBT58H,CROSTON,LUMPY,0.8093023255813954,0.75,0.9979981346642196,1.3306641777780739,1.2331586131475754,
moulding,MOSC316O,CROSTON,LUMPY,10.776845637583893,41.375,42.45103172954207,1.0260068091484247,3.9390962024691536,fc_vs_history_too_high
moulding,MORE12W,SBA,LUMPY,3.424496644295302,2.855769230769231,3.2357924943015304,1.1330721188199315,0.9448957991379491,
moulding,MOBS12M,SBA,ERRATIC,148.00167224080266,159.25,140.580142382785,0.8827638454122589,0.949855094563442,
moulding,MOBT58O,PROPHET,ERRATIC,17.98126086956522,17.035519230769232,17.34319283179863,1.018060711613393,0.9645148333390186,
moulding,MORIO,HOLT_DAMPED,SMOOTH,237.89314381270904,268.9423076923077,238.03258791715382,0.8850693293990687,1.0005861627670698,
moulding,MORE34R,PROPHET,ERRATIC,49.20401337792642,50.14423076923077,40.56583662191364,0.8089831272473413,0.8244416224650402,
moulding,MORE34OLR,TSB,ERRATIC,15.615163879598663,14.325653846153845,7.879147673917486,0.5500026566314723,0.5045830920613694,
moulding,MOTMW58,TSB,LUMPY,4.800335570469799,5.009615384615385,9.451164919817067,1.886604897245236,1.968855047548946,
