file,sku,forecast_method,demand_class,hist_weeks,hist_nonzero_pct,hist_mean_wk,recent_mean_wk,fc_mean_wk,ratio_fc_recent,ratio_fc_hist,annual_recent_units,annual_fc_units,monthly_hist_above_fc_mean,monthly_hist_months,flags
sundries,FIDSO33461,RANDOM_FOREST,INTERMITTENT,185,2.7027027027027026,0.23783783783783785,0.07692307692307693,1.393952380952381,18.121380716803003,5.860936122543575,4.0,72.48552380952381,2,47,fc_vs_recent_too_high|fc_vs_history_too_high|monthly_level_rare_in_history
sundries,ABNO69004,HISTORICAL_MEAN,SMOOTH,20,10.0,5.0,5.0,50.0,9.999999998,9.999999998,100.0,2600.0,0,5,fc_vs_recent_too_high|fc_vs_history_too_high|monthly_level_rare_in_history
sundries,HTCR338,HISTORICAL_MEAN,INTERMITTENT,194,1.0309278350515463,0.010309278350515464,0.019230769230769232,1.0,51.99999729600014,96.99999059100092,1.0,52.0,0,49,fc_vs_recent_too_high|fc_vs_history_too_high|monthly_level_rare_in_history
moulding,MOSC316O,HOLT_DAMPED,LUMPY,298,25.503355704697988,10.776845637583893,41.375,69.4646523697932,1.6789039847278382,6.4457314041032365,2151.5,3612.1619232292464,3,75,fc_vs_history_too_high|monthly_level_rare_in_history
moulding,MOSC316M,XGBOOST,LUMPY,297,10.774410774410773,2.4797979797979797,3.3365384615384617,15.689435799534504,4.702309287211954,6.326900788299604,173.5,815.8506615757942,3,75,fc_vs_recent_too_high|fc_vs_history_too_high|monthly_level_rare_in_history
moulding,MOTRW,RANDOM_FOREST,LUMPY,298,35.90604026845637,14.837248322147651,15.682692307692308,52.58118706287036,3.3528163422377832,3.543863789139273,815.5,2734.2217272692587,4,75,fc_vs_recent_too_high|fc_vs_history_too_high
flooring,SFIL09,?,INSUFFICIENT_DATA,1,100.0,1128.0,1128.0,41.140259740259744,0.03647186147182914,0.03647186147182914,1128.0,452.54285714285714,1,1,monthly_level_rare_in_history
flooring,GHNPPHO5207-L,?,LUMPY,18,83.33333333333334,206.17222222222222,206.17222222222222,227.80014578320763,1.1049022187701354,1.1049022187701354,3711.1,2505.801603615284,1,5,monthly_level_rare_in_history
flooring,GFNVO75082P,?,INSUFFICIENT_DATA,1,100.0,110.5,110.5,1.2090422077922252,0.01094155844145958,0.01094155844145958,110.5,13.299464285714476,1,1,monthly_level_rare_in_history
flooring,GHEXA75147,?,LUMPY,3,100.0,189.39066666666668,189.39066666666668,9.601061224489799,0.050694479265640184,0.050694479265640184,568.172,105.61167346938778,1,1,monthly_level_rare_in_history
flooring,GFALSO,?,INSUFFICIENT_DATA,2,50.0,1503.5,1503.5,346.3291182501709,0.2303485987694982,0.2303485987694982,3007.0,3809.6203007518798,1,1,monthly_level_rare_in_history
flooring,GNSSW538SB,?,INSUFFICIENT_DATA,1,100.0,35.0,35.0,2.252673796791443,0.06436210847791661,0.06436210847791661,35.0,24.779411764705877,1,1,monthly_level_rare_in_history
flooring,RQ214SOS-16,?,LUMPY,3,100.0,479.9771733333332,479.9771733333332,164.25748843708016,0.34221937534238706,0.34221937534238706,1439.9315199999996,1806.8323728078817,1,1,monthly_level_rare_in_history
flooring,GWCOYW102,?,INSUFFICIENT_DATA,1,100.0,19.92,19.92,3.632597402597403,0.1823593073501528,0.1823593073501528,19.92,39.95857142857143,1,1,monthly_level_rare_in_history
flooring,RQ214SRS-16,?,LUMPY,6,100.0,495.1466666666667,495.1466666666667,448.3594088669952,0.905508284816801,0.905508284816801,2970.88,4931.953497536947,1,2,monthly_level_rare_in_history
flooring,GFFCOB7902P,?,LUMPY,5,80.0,322.92,322.92,16.534650140733792,0.05120354930225005,0.05120354930225005,1614.6000000000001,181.88115154807173,1,2,monthly_level_rare_in_history
flooring,GVLL205,?,LUMPY,4,75.0,192.6375,192.6375,11.316802492809204,0.058746622504706816,0.058746622504706816,770.55,124.48482742090124,1,1,monthly_level_rare_in_history
flooring,GWPPTO04,?,LUMPY,2,100.0,160.0,160.0,9.87208280441363,0.061700517527199565,0.061700517527199565,320.0,108.59291084854993,1,1,monthly_level_rare_in_history
flooring,GFLEO7501,?,LUMPY,5,100.0,222.24892800000003,222.24892800000003,153.56439341991336,0.6909567339700391,0.6909567339700391,1111.2446400000001,1689.208327619047,1,2,monthly_level_rare_in_history
flooring,GWCTIO101,?,INSUFFICIENT_DATA,1,100.0,205.2,205.2,7.742095835199283,0.037729511867259036,0.037729511867259036,205.2,85.16305418719212,1,1,monthly_level_rare_in_history
