"DATE","SOURCE","DESCRIPTION","REFERENCE","AMOUNT"
"1/1/2024 12:00:00 AM","BA# 701072","SHAVUA ISRAELI","AP 000000","1500.00"
"1/15/2024 12:00:00 AM","BA# 702722","LEAP TOOLS INC.","AP 000000","500.00"
"1/22/2024 12:00:00 AM","BA# 703600","AMERICAN EXPRESS","AP 000000","92.93"
"1/22/2024 12:00:00 AM","BA# 703600","FACEBOOK.COM","AP 000000","322.49"
"1/22/2024 12:00:00 AM","BA# 703600","LINKEDIN","AP 000000","59.99"
"2/1/2024 12:00:00 AM","BA# 704902","SHAVUA ISRAELI","AP 000000","1500.00"
"2/15/2024 12:00:00 AM","BA# 706675","LEAP TOOLS INC.","AP 000000","500.00"
"2/28/2024 12:00:00 AM","BA# 708090","AMERICAN EXPRESS","AP 000000","684.80"
"2/28/2024 12:00:00 AM","BA# 708090","FACEBOOK.COM","AP 000000","297.56"
"2/28/2024 12:00:00 AM","BA# 708090","GOTPRINT.COM","AP 000000","379.42"
"2/28/2024 12:00:00 AM","BA# 708090","LINKEDIN","AP 000000","59.99"
"2/28/2024 12:00:00 AM","BA# 708090","MAILCHIMP.COM","AP 000000","1178.00"
"2/28/2024 12:00:00 AM","BA# 708090","STORELOCATERWIDGETS.COM","AP 000000","39.00"
"3/1/2024 12:00:00 AM","BA# 708571","SHAVUA ISRAELI","AP 000000","1500.00"
"3/8/2024 12:00:00 AM","BA# 709317","LEAP TOOLS INC.","AP 000000","500.00"
"3/8/2024 12:00:00 AM","BA# 709331","MIKE THE PRINTER,INC.","AP 000000","858.86"
"3/29/2024 12:00:00 AM","BA# 712446","ADOBE SYSTEMS INC.","AP 000000","3463.27"
"3/29/2024 12:00:00 AM","BA# 712446","AMERICAN EXPRESS","AP 000000","3587.22"
"3/29/2024 12:00:00 AM","BA# 712446","FACEBOOK.COM","AP 000000","302.80"
"3/29/2024 12:00:00 AM","BA# 712446","LINKEDIN","AP 000000","59.99"
"3/29/2024 12:00:00 AM","BA# 712446","MAILCHIMP.COM","AP 000000","290.00"
"3/29/2024 12:00:00 AM","BA# 712446","STORELOCATERWIDGETS.COM","AP 000000","39.00"
"3/29/2024 12:00:00 AM","BA# 712446","TRUMPIA","AP 000000","13732.99"
"3/31/2024 12:00:00 AM","BA# 714007","TRUMPIA","AP 000000","5130.00"
"3/31/2024 12:00:00 AM","BA# 718344","LEAP TOOLS INC.","AP 000000","500.00"
"4/1/2024 12:00:00 AM","BA# 712217","SHAVUA ISRAELI","AP 000000","1500.00"
"4/3/2024 12:00:00 AM","BA# 712625","TRUMPIA","AP 000000","6667.00"
"4/18/2024 12:00:00 AM","BA# 714475","OTHER","PV 000000","-270.00"
"4/29/2024 12:00:00 AM","BA# 715770","ADOBE SYSTEMS INC.","AP 000000","79.99"
"4/29/2024 12:00:00 AM","BA# 715770","AMERICAN EXPRESS","AP 000000","2399.49"
"4/29/2024 12:00:00 AM","BA# 715770","FACEBOOK.COM","AP 000000","269.46"
"4/29/2024 12:00:00 AM","BA# 715770","STORELOCATERWIDGETS.COM","AP 000000","39.00"
"4/29/2024 12:00:00 AM","BA# 716445","LINKEDIN","AP 000000","59.99"
"5/1/2024 12:00:00 AM","BA# 716074","SHAVUA ISRAELI","AP 000000","1500.00"
"5/6/2024 12:00:00 AM","BA# 716798","48HOURPRINT.COM","AP 000000","451.18"
"5/14/2024 12:00:00 AM","BA# 717808","CRAIGSLIST","AP 000000","-45.00"
"5/16/2024 12:00:00 AM","BA# 718087","OPM TSHIRT CORPORATION","AP 000000","-6556.00"
"5/29/2024 12:00:00 AM","BA# 719613","AMERICAN EXPRESS","AP 000000","2735.14"
"5/29/2024 12:00:00 AM","BA# 719613","FACEBOOK.COM","AP 000000","325.47"
"5/29/2024 12:00:00 AM","BA# 719613","LINKEDIN","AP 000000","59.99"
"5/29/2024 12:00:00 AM","BA# 719613","MAILCHIMP.COM","AP 000000","270.00"
"5/29/2024 12:00:00 AM","BA# 719613","STORELOCATERWIDGETS.COM","AP 000000","39.00"
"5/31/2024 12:00:00 AM","BA# 722207","LEAP TOOLS INC.","AP 000000","500.00"
"5/31/2024 12:00:00 AM","BA# 724302","OPM TSHIRT CORPORATION","AP 000000","3059.98"
"6/1/2024 12:00:00 AM","BA# 719792","SHAVUA ISRAELI","AP 000000","1500.00"
"6/19/2024 12:00:00 AM","BA# 722307","FACEBOOK.COM","AP 000000","-6.21"
"6/30/2024 12:00:00 AM","BA# 725854","AMERICAN EXPRESS","AP 000000","2404.51"
"6/30/2024 12:00:00 AM","BA# 729779","LEAP TOOLS INC.","AP 000000","500.00"
"7/1/2024 12:00:00 AM","BA# 723942","SHAVUA ISRAELI","AP 000000","1500.00"
"7/3/2024 12:00:00 AM","BA# 724277","FACEBOOK.COM","AP 000000","159.48"
"7/3/2024 12:00:00 AM","BA# 724277","LEAP TOOLS INC.","AP 000000","500.00"
"7/3/2024 12:00:00 AM","BA# 724277","STORELOCATERWIDGETS.COM","AP 000000","39.00"
"7/3/2024 12:00:00 AM","BA# 724277","48HOURPRINT.COM","AP 000000","2769.97"
"7/25/2024 12:00:00 AM","BA# 726974","GOTPRINT.COM","AP 000000","153.75"
"7/31/2024 12:00:00 AM","BA# 727841","AMERICAN EXPRESS","AP 000000","1883.06"
"7/31/2024 12:00:00 AM","BA# 727841","FACEBOOK.COM","AP 000000","413.55"
"7/31/2024 12:00:00 AM","BA# 727841","LINKEDIN","AP 000000","59.99"
"7/31/2024 12:00:00 AM","BA# 727841","MAILCHIMP.COM","AP 000000","135.00"
"7/31/2024 12:00:00 AM","BA# 727841","STORELOCATERWIDGETS.COM","AP 000000","39.00"
"7/31/2024 12:00:00 AM","BA# 729631","LEAP TOOLS INC.","AP 000000","625.00"
"8/1/2024 12:00:00 AM","BA# 727924","SHAVUA ISRAELI","AP 000000","1500.00"
"8/28/2024 12:00:00 AM","BA# 734614","IMPRINT","AP 000000","167.65"
"8/29/2024 12:00:00 AM","BA# 734609","STORELOCATERWIDGETS.COM","AP 000000","39.00"
"8/31/2024 12:00:00 AM","BA# 732543","ADOBE SYSTEMS INC.","AP 000000","79.99"
"8/31/2024 12:00:00 AM","BA# 732543","AMERICAN EXPRESS","AP 000000","2859.95"
"8/31/2024 12:00:00 AM","BA# 732543","FACEBOOK.COM","AP 000000","280.96"
"8/31/2024 12:00:00 AM","BA# 732543","LINKEDIN","AP 000000","59.99"
"8/31/2024 12:00:00 AM","BA# 732543","MAILCHIMP.COM","AP 000000","270.00"
"8/31/2024 12:00:00 AM","BA# 732543","STORELOCATERWIDGETS.COM","AP 000000","39.00"
"8/31/2024 12:00:00 AM","BA# 734597","LEAP TOOLS INC.","AP 000000","775.00"
"9/29/2024 12:00:00 AM","BA# 736445","STORELOCATERWIDGETS.COM","AP 000000","39.00"
"9/30/2024 12:00:00 AM","BA# 736344","AMERICAN EXPRESS","AP 000000","1489.91"
"9/30/2024 12:00:00 AM","BA# 736344","FACEBOOK.COM","AP 000000","325.95"
"9/30/2024 12:00:00 AM","BA# 736344","LINKEDIN","AP 000000","112.48"
"9/30/2024 12:00:00 AM","BA# 738244","LEAP TOOLS INC.","AP 000000","775.00"
"10/24/2024 12:00:00 AM","BA# 738961","VISTA PRINT","AP 000000","46.39"
"10/29/2024 12:00:00 AM","BA# 739699","STORELOCATERWIDGETS.COM","AP 000000","39.00"
"10/31/2024 12:00:00 AM","BA# 741548","LEAP TOOLS INC.","AP 000000","775.00"
"10/31/2024 12:00:00 AM","BA# 741549","CHEWY","AP 000000","100.00"
"10/31/2024 12:00:00 AM","BA# 742119","AMERICAN EXPRESS","AP 000000","1421.00"
"11/1/2024 12:00:00 AM","BA# 742192","OPM TSHIRT CORPORATION","AP 000000","4668.64"
"11/1/2024 12:00:00 AM","BA# 743944","OPM TSHIRT CORPORATION","AP 000000","6085.46"
"11/21/2024 12:00:00 AM","BA# 742301","TRUMPIA","AP 000000","20000.00"
"11/21/2024 12:00:00 AM","BA# 746050","OPM TSHIRT CORPORATION","AP 000000","6787.91"
"11/29/2024 12:00:00 AM","BA# 746502","STORELOCATERWIDGETS.COM","AP 000000","39.00"
"11/30/2024 12:00:00 AM","BA# 744523","LEAP TOOLS INC.","AP 000000","775.00"
"12/18/2024 12:00:00 AM","BA# 746595","CITI CARDS","AP 000000","410.03"
"12/20/2024 12:00:00 AM","BA# 747640","MAILCHIMP.COM","AP 000000","135.00"
"12/28/2024 12:00:00 AM","BA# 747529","AMERICAN EXPRESS(FUEL CC)","AP 000000","118.41"
"12/28/2024 12:00:00 AM","BA# 748214","AMERICAN EXPRESS","AP 000000","399.62"
"12/29/2024 12:00:00 AM","BA# 750975","STORELOCATERWIDGETS.COM","AP 000000","39.00"
"12/30/2024 12:00:00 AM","BA# 751275","ADOBE SYSTEMS INC.","AP 000000","79.99"
"12/31/2024 12:00:00 AM","BA# 747705","LEAP TOOLS INC.","AP 000000","775.00"
"12/31/2024 12:00:00 AM","BA# 750809","MAILCHIMP.COM","AP 000000","135.00"
"12/31/2024 12:00:00 AM","BA# 753573","AMERICAN EXPRESS","AP 000000","371.07"
"12/31/2024 12:00:00 AM","BA# 753573","SHAVUA ISRAELI","AP 000000","1500.00"
"12/31/2024 12:00:00 AM","BA# 753573","STORELOCATERWIDGETS.COM","AP 000000","39.00"
"1/17/2025 12:00:00 AM","BA# 750976","CITI CARDS","AP 000000","132.19"
"1/19/2025 12:00:00 AM","BA# 751276","MAILCHIMP.COM","AP 000000","135.00"
"1/24/2025 12:00:00 AM","BA# 750168","VISTA PRINT","AP 000000","953.00"
"1/28/2025 12:00:00 AM","BA# 751284","AMERICAN EXPRESS(FUEL CC)","AP 000000","139.95"
"1/28/2025 12:00:00 AM","BA# 752939","AMERICAN EXPRESS","AP 000000","157.98"
"1/29/2025 12:00:00 AM","BA# 750226","STORELOCATERWIDGETS.COM","AP 000000","39.00"
"1/30/2025 12:00:00 AM","BA# 749928","MARCO ANTONIO PURECO","AP 000000","352.75"
"1/31/2025 12:00:00 AM","BA# 751154","LEAP TOOLS INC.","AP 000000","775.00"
"2/19/2025 12:00:00 AM","BA# 755355","CITI CARDS","AP 000000","148.38"
"2/28/2025 12:00:00 AM","BA# 753281","STORELOCATERWIDGETS.COM","AP 000000","39.00"
"2/28/2025 12:00:00 AM","BA# 754689","LEAP TOOLS INC.","AP 000000","775.00"
"2/28/2025 12:00:00 AM","BA# 754871","OPM TSHIRT CORPORATION","AP 000000","1330.43"
"2/28/2025 12:00:00 AM","BA# 757853","AMERICAN EXPRESS","AP 000000","2010.04"
"3/19/2025 12:00:00 AM","BA# 758554","CITI CARDS","AP 000000","570.38"
"3/28/2025 12:00:00 AM","BA# 757663","48HOURPRINT.COM","AP 000000","280.52"
"3/29/2025 12:00:00 AM","BA# 757131","STORELOCATERWIDGETS.COM","AP 000000","39.00"
"3/30/2025 12:00:00 AM","BA# 758253","AMERICAN EXPRESS(FUEL CC)","AP 000000","142.94"
"3/30/2025 12:00:00 AM","BA# 758253","MAILCHIMP.COM","AP 000000","135.00"
"3/30/2025 12:00:00 AM","BA# 759782","AMERICAN EXPRESS","AP 000000","2016.39"
"3/30/2025 12:00:00 AM","BA# 760997","ADOBE SYSTEMS INC.","AP 000000","79.99"
"4/16/2025 12:00:00 AM","BA# 762467","CITI CARDS","AP 000000","84.38"
"4/20/2025 12:00:00 AM","BA# 764029","MAILCHIMP.COM","AP 000000","135.00"
"4/29/2025 12:00:00 AM","BA# 761031","AMERICAN EXPRESS(FUEL CC)","AP 000000","48.93"
"4/29/2025 12:00:00 AM","BA# 764833","ADOBE SYSTEMS INC.","AP 000000","79.99"
"4/30/2025 12:00:00 AM","BA# 760960","LEAP TOOLS INC.","AP 000000","775.00"
"4/30/2025 12:00:00 AM","BA# 764018","AMERICAN EXPRESS","AP 000000","2680.42"
"5/5/2025 12:00:00 AM","BA# 762120","OPM TSHIRT CORPORATION","AP 000000","5622.50"
"5/19/2025 12:00:00 AM","BA# 766524","CITI CARDS","AP 000000","175.15"
"5/19/2025 12:00:00 AM","BA# 767648","MAILCHIMP.COM","AP 000000","135.00"
"5/20/2025 12:00:00 AM","BA# 764106","ROLL-TICKETS.COM","AP 000000","481.68"
"5/29/2025 12:00:00 AM","BA# 767916","AMERICAN EXPRESS","AP 000000","1843.31"
"5/29/2025 12:00:00 AM","BA# 769233","STORELOCATERWIDGETS.COM","AP 000000","39.00"
"5/30/2025 12:00:00 AM","BA# 767953","STORELOCATERWIDGETS.COM","AP 000000","39.00"
"5/30/2025 12:00:00 AM","BA# 768398","ADOBE SYSTEMS INC.","AP 000000","79.99"
"5/31/2025 12:00:00 AM","BA# 767392","LEAP TOOLS INC.","AP 000000","775.00"
"6/18/2025 12:00:00 AM","BA# 768717","CITI CARDS","AP 000000","51.96"
"6/18/2025 12:00:00 AM","BA# 770090","PRINT PALACE","AP 000000","259.84"
"6/19/2025 12:00:00 AM","BA# 770093","MAILCHIMP.COM","AP 000000","135.00"
"6/23/2025 12:00:00 AM","BA# 770130","ADOBE SYSTEMS INC.","AP 000000","110.95"
"6/28/2025 12:00:00 AM","BA# 770265","AMERICAN EXPRESS","AP 000000","717.47"
"6/29/2025 12:00:00 AM","BA# 772818","ADOBE SYSTEMS INC.","AP 000000","79.99"
"6/29/2025 12:00:00 AM","BA# 772819","STORELOCATERWIDGETS.COM","AP 000000","39.00"
"6/30/2025 12:00:00 AM","BA# 770556","LEAP TOOLS INC.","AP 000000","775.00"
"6/30/2025 12:00:00 AM","BA# 777331","LEAP TOOLS INC.","AP 000000","775.00"
"7/17/2025 12:00:00 AM","BA# 772958","CITI CARDS","AP 000000","160.75"
"7/19/2025 12:00:00 AM","BA# 773312","MAILCHIMP.COM","AP 000000","135.00"
"7/23/2025 12:00:00 AM","BA# 773391","ADOBE SYSTEMS INC.","AP 000000","155.33"
"7/28/2025 12:00:00 AM","BA# 773688","AMERICAN EXPRESS","AP 000000","242.21"
"7/29/2025 12:00:00 AM","BA# 777267","STORELOCATERWIDGETS.COM","AP 000000","39.00"
"7/30/2025 12:00:00 AM","BA# 777268","ADOBE SYSTEMS INC.","AP 000000","79.99"
"7/31/2025 12:00:00 AM","BA# 772298","LEAP TOOLS INC.","AP 000000","775.00"
"8/12/2025 12:00:00 AM","BA# 772295","PRINT PALACE","AP 000000","101.47"
"8/18/2025 12:00:00 AM","BA# 776243","CITI CARDS","AP 000000","188.86"
"8/20/2025 12:00:00 AM","BA# 777339","MAILCHIMP.COM","AP 000000","135.00"
"8/28/2025 12:00:00 AM","BA# 777558","AMERICAN EXPRESS","AP 000000","1121.56"
"8/28/2025 12:00:00 AM","BA# 780881","TRUMPIA","AP 000000","6867.01"
"8/29/2025 12:00:00 AM","BA# 780857","STORELOCATERWIDGETS.COM","AP 000000","39.00"
"8/30/2025 12:00:00 AM","BA# 777620","ADOBE SYSTEMS INC.","AP 000000","155.33"
"8/30/2025 12:00:00 AM","BA# 777621","PRINT PALACE","AP 000000","-13.56"
"8/30/2025 12:00:00 AM","BA# 780858","ADOBE SYSTEMS INC.","AP 000000","79.99"
"8/31/2025 12:00:00 AM","BA# 778065","LEAP TOOLS INC.","AP 000000","775.00"
"9/17/2025 12:00:00 AM","BA# 780311","CITI CARDS","AP 000000","31.42"
"9/17/2025 12:00:00 AM","BA# 780332","CITI CARDS","AP 000000","-31.42"
"9/18/2025 12:00:00 AM","BA# 780319","CITI CARDS","AP 000000","31.42"
"9/19/2025 12:00:00 AM","BA# 776674","TRUMPIA","AP 000000","6667.00"
"9/20/2025 12:00:00 AM","BA# 780871","MAILCHIMP.COM","AP 000000","135.00"
"9/23/2025 12:00:00 AM","BA# 780883","ADOBE SYSTEMS INC.","AP 000000","155.33"
"9/24/2025 12:00:00 AM","BA# 777242","CHEWY","AP 000000","-100.00"
"9/24/2025 12:00:00 AM","BA# 777242","LEAP TOOLS INC.","AP 000000","-1550.00"
"9/24/2025 12:00:00 AM","BA# 780877","VISTA PRINT","AP 000000","304.29"
"9/28/2025 12:00:00 AM","BA# 781107","AMERICAN EXPRESS","AP 000000","489.14"
"9/30/2025 12:00:00 AM","BA# 780038","LEAP TOOLS INC.","AP 000000","775.00"
"10/3/2025 12:00:00 AM","BA# 778854","PRINT PALACE","AP 000000","64.31"
"10/3/2025 12:00:00 AM","BA# 784911","PRINT PALACE","AP 000000","-64.31"
"10/3/2025 12:00:00 AM","BA# 784912","PRINT PALACE","AP 000000","81.82"
"10/7/2025 12:00:00 AM","BA# 784908","PRINT PALACE","AP 000000","-19.21"
"10/14/2025 12:00:00 AM","BA# 783291","U.S. DIARY","AP 000000","1101.63"
"10/19/2025 12:00:00 AM","BA# 784856","MAILCHIMP.COM","AP 000000","135.00"
"10/20/2025 12:00:00 AM","BA# 780331","TRUMPIA","AP 000000","6666.00"
"10/20/2025 12:00:00 AM","BA# 780729","OPM TSHIRT CORPORATION","AP 000000","4047.12"
"10/20/2025 12:00:00 AM","BA# 782048","OPM TSHIRT CORPORATION","AP 000000","2010.42"
"10/23/2025 12:00:00 AM","BA# 784913","ADOBE SYSTEMS INC.","AP 000000","155.33"
"10/27/2025 12:00:00 AM","BA# 784859","ROLL-TICKETS.COM","AP 000000","53.80"
"10/28/2025 12:00:00 AM","BA# 784892","AMERICAN EXPRESS","AP 000000","572.47"
"10/28/2025 12:00:00 AM","BA# 784905","AMERICAN EXPRESS","AP 000000","36.72"
"10/29/2025 12:00:00 AM","BA# 784857","STORELOCATERWIDGETS.COM","AP 000000","39.00"
"10/30/2025 12:00:00 AM","BA# 784858","ADOBE SYSTEMS INC.","AP 000000","79.99"
"11/1/2025 12:00:00 AM","BA# 788049","GROUND TRUTH ADS","AP 000000","616.62"
"11/4/2025 12:00:00 AM","BA# 782354","PRINT PALACE","AP 000000","167.90"
"11/7/2025 12:00:00 AM","BA# 782357","PRINT PALACE","AP 000000","73.81"
"11/18/2025 12:00:00 AM","BA# 788196","GROUND TRUTH ADS","AP 000000","500.00"
"11/19/2025 12:00:00 AM","BA# 786866","CITI CARDS","AP 000000","482.18"
"11/19/2025 12:00:00 AM","BA# 788047","MAILCHIMP.COM","AP 000000","135.00"
"11/23/2025 12:00:00 AM","BA# 786174","ADOBE SYSTEMS INC.","AP 000000","177.52"
"11/28/2025 12:00:00 AM","BA# 788135","AMERICAN EXPRESS","AP 000000","575.17"
"11/29/2025 12:00:00 AM","BA# 786150","ADOBE SYSTEMS INC.","AP 000000","79.99"
"11/29/2025 12:00:00 AM","BA# 788048","STORELOCATERWIDGETS.COM","AP 000000","39.00"
"11/30/2025 12:00:00 AM","BA# 786149","LEAP TOOLS INC.","AP 000000","775.00"
"11/30/2025 12:00:00 AM","BA# 791305","LEAP TOOLS INC.","AP 000000","775.00"
"12/1/2025 12:00:00 AM","BA# 791266","GROUND TRUTH ADS","AP 000000","475.95"
"12/18/2025 12:00:00 AM","BA# 791268","GROUND TRUTH ADS","AP 000000","500.00"
"12/19/2025 12:00:00 AM","BA# 790096","CITI CARDS","AP 000000","228.38"
"12/19/2025 12:00:00 AM","BA# 791264","MAILCHIMP.COM","AP 000000","135.00"
"12/28/2025 12:00:00 AM","BA# 791318","AMERICAN EXPRESS","AP 000000","673.32"
"12/29/2025 12:00:00 AM","BA# 791265","STORELOCATERWIDGETS.COM","AP 000000","39.00"
"12/31/2025 12:00:00 AM","BA# 788672","LEAP TOOLS INC.","AP 000000","775.00"
"12/31/2025 12:00:00 AM","BA# 791273","ADOBE SYSTEMS INC.","AP 000000","257.51"
"1/2/2026 12:00:00 AM","BA# 793827","GROUND TRUTH ADS","AP 000000","499.07"
"1/19/2026 12:00:00 AM","BA# 793475","CITI CARDS","AP 000000","122.45"
"1/19/2026 12:00:00 AM","BA# 793761","MAILCHIMP.COM","AP 000000","135.00"
"1/23/2026 12:00:00 AM","BA# 796387","ADOBE SYSTEMS INC.","AP 000000","177.52"
"1/28/2026 12:00:00 AM","BA# 794097","AMERICAN EXPRESS","AP 000000","537.96"
"1/29/2026 12:00:00 AM","BA# 796373","STORELOCATERWIDGETS.COM","AP 000000","39.00"
"1/30/2026 12:00:00 AM","BA# 796374","ADOBE SYSTEMS INC.","AP 000000","79.99"
"2/1/2026 12:00:00 AM","BA# 796384","GROUND TRUTH ADS","AP 000000","536.48"
"2/19/2026 12:00:00 AM","BA# 796213","CITI CARDS","AP 000000","32.14"
"2/19/2026 12:00:00 AM","BA# 797190","MAILCHIMP.COM","AP 000000","135.00"
"2/23/2026 12:00:00 AM","BA# 797203","ADOBE SYSTEMS INC.","AP 000000","177.52"
"2/26/2026 12:00:00 AM","BA# 797071","PRINT PALACE","AP 000000","45.09"
"2/27/2026 12:00:00 AM","BA# 797211","ADOBE SYSTEMS INC.","AP 000000","79.99"
"2/28/2026 12:00:00 AM","BA# 797829","AMERICAN EXPRESS","AP 000000","577.33"
"2/28/2026 12:00:00 AM","BA# 800909","STORELOCATERWIDGETS.COM","AP 000000","39.00"
"2/28/2026 12:00:00 AM","BA# 801008","LEAP TOOLS INC.","AP 000000","775.00"
"3/1/2026 12:00:00 AM","BA# 800907","MAILCHIMP.COM","AP 000000","135.00"
"3/1/2026 12:00:00 AM","BA# 800914","GROUND TRUTH ADS","AP 000000","234.45"
"3/19/2026 12:00:00 AM","BA# 799669","CITI CARDS","AP 000000","155.86"
"3/23/2026 12:00:00 AM","BA# 801004","ADOBE SYSTEMS INC.","AP 000000","177.52"
"3/28/2026 12:00:00 AM","BA# 801066","AMERICAN EXPRESS","AP 000000","235.22"
"3/29/2026 12:00:00 AM","BA# 800910","STORELOCATERWIDGETS.COM","AP 000000","39.00"
"3/30/2026 12:00:00 AM","BA# 805572","ADOBE SYSTEMS INC.","AP 000000","79.99"
"3/31/2026 12:00:00 AM","BA# 805646","LEAP TOOLS INC.","AP 000000","775.00"
"4/1/2026 12:00:00 AM","BA# 805561","GROUND TRUTH ADS","AP 000000","234.61"
"4/8/2026 12:00:00 AM","BA# 806358","48HOURPRINT.COM","AP 000000","585.28"
"4/19/2026 12:00:00 AM","BA# 805559","MAILCHIMP.COM","AP 000000","135.00"
"4/27/2026 12:00:00 AM","BA# 805573","ADOBE SYSTEMS INC.","AP 000000","287.09"
"4/28/2026 12:00:00 AM","BA# 806793","AMERICAN EXPRESS","AP 000000","439.32"
"4/29/2026 12:00:00 AM","BA# 807582","STORELOCATERWIDGETS.COM","AP 000000","39.00"
"4/29/2026 12:00:00 AM","BA# 809665","ADOBE SYSTEMS INC.","AP 000000","79.99"
"4/30/2026 12:00:00 AM","BA# 807617","LEAP TOOLS INC.","AP 000000","775.00"
"5/1/2026 12:00:00 AM","BA# 807573","MAILCHIMP.COM","AP 000000","135.00"
"5/1/2026 12:00:00 AM","BA# 807578","GROUND TRUTH ADS","AP 000000","249.10"
"5/19/2026 12:00:00 AM","BA# 806768","CITI CARDS","AP 000000","138.64"
"5/27/2026 12:00:00 AM","BA# 809664","PRINT PALACE","AP 000000","99.35"
"5/28/2026 12:00:00 AM","BA# 809663","PRINT PALACE","AP 000000","154.04"
"5/28/2026 12:00:00 AM","BA# 809704","PRINT PALACE","AP 000000","-17.51"
"5/28/2026 12:00:00 AM","BA# 809724","AMERICAN EXPRESS","AP 000000","3645.85"
"5/29/2026 12:00:00 AM","BA# 807575","STORELOCATERWIDGETS.COM","AP 000000","39.00"
"5/30/2026 12:00:00 AM","BA# 809662","PRINT PALACE","AP 000000","197.41"
"5/30/2026 12:00:00 AM","BA# 810786","ADOBE SYSTEMS INC.","AP 000000","79.99"
"5/31/2026 12:00:00 AM","BA# 807594","ADOBE SYSTEMS INC.","AP 000000","333.27"
"5/31/2026 12:00:00 AM","BA# 810819","LEAP TOOLS INC.","AP 000000","775.00"
"6/2/2026 12:00:00 AM","BA# 810768","GROUND TRUTH ADS","AP 000000","507.13"
"6/11/2026 12:00:00 AM","BA# 814373","SANDY ALEXANDER","AP 000000","888.32"
"6/19/2026 12:00:00 AM","BA# 809928","CITI CARDS","AP 000000","227.53"
"6/19/2026 12:00:00 AM","BA# 810766","MAILCHIMP.COM","AP 000000","135.00"
"6/28/2026 12:00:00 AM","BA# 811340","AMERICAN EXPRESS","AP 000000","493.38"
"6/29/2026 12:00:00 AM","BA# 813061","STORELOCATERWIDGETS.COM","AP 000000","39.00"
"6/29/2026 12:00:00 AM","BA# 813076","ADOBE SYSTEMS INC.","AP 000000","79.99"
"6/30/2026 12:00:00 AM","BA# 810784","ADOBE SYSTEMS INC.","AP 000000","405.89"
"6/30/2026 12:00:00 AM","BA# 813261","LEAP TOOLS INC.","AP 000000","775.00"
"7/1/2026 12:00:00 AM","BA# 813057","MAILCHIMP.COM","AP 000000","135.00"
"7/1/2026 12:00:00 AM","BA# 813063","GROUND TRUTH ADS","AP 000000","241.26"
"7/19/2026 12:00:00 AM","BA# 812770","CITI CARDS","AP 000000","285.44"
"7/21/2026 12:00:00 AM","BA# 813381","PRINT PALACE","AP 000000","149.18"
"7/23/2026 12:00:00 AM","BA# 813075","ADOBE SYSTEMS INC.","AP 000000","395.89"
"7/28/2026 12:00:00 AM","BA# 813455","AMERICAN EXPRESS","AP 000000","474.74"
