item_number,abc_class,demand_class,product_type,current_inv,mean_daily_demand,safety_stock,reorder_point,order_up_to,nominal_q,roq_months,stockout_pct,avg_stockout_days,avg_ending_inv,inv_reduction_pct
ARDT8037,A,SMOOTH,sundries,460.0,6.12,32.0,160.6,753.4,592.8,3.2,50.0,2.2,306.3,33.4
ED3M807,A,SMOOTH,sundries,5714.0,43.89,214.8,522.1,5057.1,4535.0,3.4,34.0,0.9,2949.0,48.4
SS3M16100,A,SMOOTH,sundries,923.0,9.5,43.3,109.8,1082.7,972.9,3.4,40.0,1.2,447.7,51.5
SS3M16120,A,SMOOTH,sundries,447.0,3.98,61.3,244.2,646.1,401.9,3.3,36.0,2.0,227.2,49.2
WPCRBC21,B,SMOOTH,sundries,332.0,1.7,7.8,43.4,152.6,109.2,2.1,66.0,4.9,55.4,83.3
BE3MG1240,B,ERRATIC,sundries,298.0,1.86,8.0,21.1,149.7,128.7,2.3,71.0,3.6,70.6,76.3
DP3M1236C,B,SMOOTH,sundries,182.0,2.21,8.1,23.5,172.8,149.3,2.2,82.0,3.3,86.2,52.6
UNPW38,B,ERRATIC,sundries,401.0,3.74,44.4,123.0,390.3,267.4,2.3,59.0,7.3,185.3,53.8
STDS124,C,SMOOTH,sundries,145.0,0.93,4.2,13.5,45.7,32.2,1.1,93.0,8.1,20.3,86.0
MPDB29737,C,INTERMITTENT,sundries,9.0,0.0,0.0,0.0,0.0,0.0,1.0,0.0,0.0,8.8,2.3
HB9965,C,INTERMITTENT,sundries,16.0,0.0,0.0,0.0,0.0,0.0,1.0,0.0,0.0,15.8,1.4
WPWWCP158,C,INTERMITTENT,sundries,58.0,0.09,0.6,1.2,4.8,3.6,1.2,0.0,0.0,23.0,60.3
PRDR30004,C,INTERMITTENT,sundries,46.0,0.02,0.4,0.5,1.7,1.2,1.7,0.0,0.0,36.2,21.3
MPAD47320A,C,INTERMITTENT,sundries,47.0,0.0,0.3,0.3,0.4,0.1,0.0,0.0,0.0,46.9,0.3
WPCRCB12,C,LUMPY,sundries,72.0,0.27,3.3,8.5,16.8,8.4,1.0,57.0,8.8,7.4,89.8
WPDS221,C,INTERMITTENT,sundries,40.0,0.04,0.5,0.9,2.5,1.7,1.4,0.0,0.0,25.2,36.9
WPDSWO35,C,SMOOTH,sundries,52.0,0.3,1.3,4.5,14.7,10.1,1.1,84.0,5.2,6.4,87.6
HTST58111,C,INTERMITTENT,sundries,22.0,0.03,0.3,0.9,2.0,1.1,1.2,0.0,0.0,10.2,53.6
WPCR10AB19,C,LUMPY,sundries,33.0,0.01,1.0,1.1,1.4,0.3,0.8,0.0,0.0,28.8,12.7
WPDS217,C,INTERMITTENT,sundries,45.0,0.02,0.6,0.9,1.8,0.8,1.8,0.0,0.0,39.0,13.3
RKGU09441,C,INTERMITTENT,sundries,0.0,0.0,0.2,0.2,0.2,0.1,0.0,9.0,1.5,0.2,0.0
HTCR426,C,INTERMITTENT,sundries,48.0,0.14,0.8,1.8,7.1,5.3,1.2,48.0,3.1,4.0,91.7
EP3M09153,C,ERRATIC,sundries,385.0,1.05,4.7,12.1,49.8,37.7,1.2,18.0,0.6,35.5,90.8
AALB113,C,INTERMITTENT,sundries,30.0,0.02,0.4,0.6,1.6,1.1,1.6,0.0,0.0,21.1,29.6
SS3M1660,C,ERRATIC,sundries,277.0,0.91,19.8,60.0,93.3,33.3,1.2,41.0,7.4,36.0,87.0
APLB004,C,LUMPY,sundries,64.0,0.1,3.2,5.2,7.5,2.3,0.8,5.0,1.0,27.9,56.4
ARWP16,C,LUMPY,sundries,8.0,0.3,2.9,5.0,16.1,11.1,1.2,99.0,21.5,8.5,-6.5
FCDS7101L,C,INTERMITTENT,sundries,7.0,0.0,0.2,0.2,0.2,0.1,0.0,0.0,0.0,6.9,1.3
WPWW944,C,INTERMITTENT,sundries,10.0,0.01,0.3,0.3,0.8,0.5,2.4,0.0,0.0,7.3,27.0
ARLP10,C,INTERMITTENT,sundries,48.0,0.04,0.4,0.7,2.5,1.8,1.4,0.0,0.0,32.2,33.0
HTCR576,C,INTERMITTENT,sundries,0.0,0.02,0.4,0.5,1.6,1.1,1.8,92.0,15.2,0.9,0.0
ACBUP809,C,INTERMITTENT,sundries,25.0,0.05,0.9,2.2,4.3,2.1,1.2,4.0,0.4,5.3,78.8
WPWW805,C,INTERMITTENT,sundries,12.0,0.0,0.3,0.3,0.4,0.1,0.0,0.0,0.0,11.8,1.8
TPGM385000,C,INTERMITTENT,sundries,80.0,0.1,1.8,8.6,12.0,3.4,1.1,0.0,0.0,42.7,46.6
TA3M06818,C,LUMPY,sundries,308.0,0.45,6.9,21.9,34.2,12.4,0.9,0.0,0.0,138.0,55.2
FCWO522075AA,C,LUMPY,sundries,0.0,0.01,0.7,0.8,1.2,0.4,1.2,79.0,10.0,1.0,0.0
DP3M1224C,C,LUMPY,sundries,82.0,0.16,3.0,4.0,10.5,6.5,1.4,7.0,0.3,24.0,70.7
FIWT63281,C,LUMPY,sundries,57.0,0.32,2.5,5.1,16.2,11.1,1.1,92.0,8.6,8.5,85.1
FAER150C,C,LUMPY,sundries,63.0,0.03,1.8,2.2,3.3,1.1,1.4,0.0,0.0,52.2,17.1
FIDSO835611,C,INTERMITTENT,sundries,190.0,0.05,2.9,4.1,7.3,3.2,2.0,0.0,0.0,168.4,11.4
FIDSW80705,C,ERRATIC,sundries,124.0,0.74,5.5,21.0,46.3,25.2,1.1,77.0,8.7,18.5,85.1
WPWW203,C,LUMPY,sundries,41.0,0.06,0.8,1.2,3.6,2.4,1.3,2.0,0.1,16.1,60.7
FILBW002,C,LUMPY,sundries,142.0,0.15,7.5,10.6,14.5,3.9,0.9,0.0,0.0,85.5,39.8
WPCRDE13,C,LUMPY,sundries,49.0,0.17,2.9,6.8,12.0,5.2,1.0,46.0,7.6,5.3,89.2
MANA50PFLEXPRXLSW,C,INTERMITTENT,sundries,10.0,0.01,0.2,0.4,1.0,0.6,1.5,2.0,0.5,4.7,52.5
STDS182,C,ERRATIC,sundries,125.0,0.9,3.9,17.4,47.3,29.9,1.1,96.0,20.3,19.1,84.7
APDT7718,C,SMOOTH,sundries,52.0,0.41,2.0,10.5,23.7,13.3,1.1,95.0,12.8,8.9,82.9
WPCRBE20,C,SMOOTH,sundries,227.0,1.04,4.4,21.0,55.4,34.3,1.1,80.0,8.3,20.1,91.1
FIBOW51153,C,LUMPY,sundries,62.0,0.45,6.5,19.5,31.6,12.1,0.9,89.0,34.9,11.4,81.7
APLP16,C,INTERMITTENT,sundries,52.0,0.08,0.9,2.6,5.3,2.7,1.2,0.0,0.0,24.5,52.9
MOBS12H,C,LUMPY,moulding,758.5,0.0,69.9,69.9,46.3,0.0,0.0,0.0,0.0,733.3,3.3
MOBS12M,A,ERRATIC,moulding,3020.0,19.11,309.4,806.1,2869.7,2063.6,3.6,27.0,1.6,1478.5,51.0
MOBS12O,A,SMOOTH,moulding,10066.5,56.77,662.8,2138.9,7985.5,5846.6,3.4,29.0,2.0,3326.8,67.0
MOBS12R,A,ERRATIC,moulding,2355.0,40.44,614.1,1665.6,5988.6,4322.9,3.5,29.0,2.0,2794.3,-18.7
MOBS12W,B,LUMPY,moulding,3033.0,3.48,80.5,122.3,388.2,265.9,2.5,0.0,0.0,1737.7,42.7
MOBT58H,C,LUMPY,moulding,649.0,0.0,24.8,24.8,11.2,0.0,0.0,0.0,0.0,644.2,0.7
MOBT58M,C,LUMPY,moulding,1715.5,0.43,31.0,49.8,53.7,3.9,0.3,0.0,0.0,1539.5,10.3
MOBT58O,C,ERRATIC,moulding,1490.5,2.16,24.5,87.0,162.1,75.1,1.1,0.0,0.0,717.9,51.8
MOBT58R,C,ERRATIC,moulding,2794.5,1.92,22.0,71.8,139.5,67.7,1.2,0.0,0.0,2067.6,26.0
MOBT58W,C,LUMPY,moulding,931.0,0.19,17.5,31.6,33.7,2.2,0.4,0.0,0.0,862.9,7.3
MOCV1234M,C,LUMPY,moulding,3447.0,3.18,136.2,247.4,297.8,50.4,0.5,0.0,0.0,2258.0,34.5
MOCV1234O,A,LUMPY,moulding,1447.5,10.15,376.9,661.2,1707.8,1046.6,3.4,15.0,1.0,882.6,39.0
MOCV1234R,B,LUMPY,moulding,2388.5,6.28,173.8,337.2,731.9,394.8,2.1,20.0,2.3,438.9,81.6
MOCV1234W,B,LUMPY,moulding,1485.0,1.43,130.8,178.2,264.3,86.1,2.0,2.0,0.3,939.3,36.7
MONO12H,C,LUMPY,moulding,928.0,0.35,32.1,44.4,55.0,10.6,1.0,0.0,0.0,803.3,13.4
MONO12M,C,LUMPY,moulding,1781.0,2.1,65.7,143.4,184.2,40.7,0.6,0.0,0.0,931.8,47.7
MONO12O,A,ERRATIC,moulding,3362.0,15.21,218.2,628.7,2233.3,1604.5,3.5,32.0,2.8,1039.4,69.1
MONO12R,A,ERRATIC,moulding,1660.0,5.47,118.1,320.6,914.0,593.4,3.6,15.0,1.5,413.3,75.1
MONO12W,C,LUMPY,moulding,765.5,0.71,64.6,103.6,116.1,12.5,0.6,0.0,0.0,472.8,38.2
MONO34M,C,LUMPY,moulding,1538.0,1.23,40.3,80.9,104.2,23.3,0.6,0.0,0.0,1074.8,30.1
MONO34O,A,ERRATIC,moulding,2895.8,10.89,145.9,429.0,1571.1,1142.1,3.5,26.0,1.4,678.0,76.6
MONO34O5,B,LUMPY,moulding,1125.0,3.77,131.8,301.6,515.1,213.5,1.9,28.0,4.7,235.8,79.0
MONO34R,B,ERRATIC,moulding,1743.5,9.34,73.4,316.3,937.1,620.7,2.2,70.0,11.2,407.8,76.6
MONO34R5,C,LUMPY,moulding,1211.0,2.7,26.7,59.1,151.8,92.8,1.1,22.0,3.0,272.3,77.5
MONO34W,C,LUMPY,moulding,2476.0,0.69,47.5,77.7,82.3,4.6,0.2,0.0,0.0,2225.2,10.1
MOQR34M,C,LUMPY,moulding,4152.5,0.06,5.1,6.7,8.4,1.7,1.0,0.0,0.0,4114.2,0.9
MOQR34O,A,LUMPY,moulding,4869.5,7.42,495.1,821.8,1496.4,674.6,3.0,1.0,0.1,1940.7,60.1
MOQR34R,B,LUMPY,moulding,8870.5,4.23,170.9,280.8,572.5,291.7,2.3,0.0,0.0,7364.5,17.0
MOQR34W,C,LUMPY,moulding,3028.5,0.04,3.6,5.5,6.7,1.2,1.0,0.0,0.0,3009.6,0.6
MORE12M,C,LUMPY,moulding,1115.5,0.89,34.8,77.7,95.2,17.6,0.6,0.0,0.0,792.4,29.0
MORE12O,A,ERRATIC,moulding,2931.5,10.25,137.7,414.5,1486.0,1071.5,3.4,22.0,2.0,616.2,79.0
MORE12R,A,SMOOTH,moulding,1408.5,6.88,77.5,242.5,952.9,710.4,3.4,17.0,1.3,427.1,69.7
MORE12W,C,LUMPY,moulding,736.0,0.39,33.5,56.4,53.2,0.0,0.0,0.0,0.0,586.6,20.3
MORE34H,C,LUMPY,moulding,880.0,0.1,9.0,11.3,14.3,2.9,1.0,0.0,0.0,837.6,4.8
MORE34M,C,LUMPY,moulding,1713.0,1.27,66.1,137.1,160.3,23.2,0.6,0.0,0.0,1254.5,26.8
MORE34O,A,SMOOTH,moulding,1625.0,9.52,105.1,333.6,1314.6,981.0,3.4,27.0,1.8,563.4,65.3
MORE34OLM,C,LUMPY,moulding,1859.0,0.01,0.7,1.1,1.3,0.2,1.0,0.0,0.0,1851.4,0.4
MORE34OLO,C,ERRATIC,moulding,1053.0,2.42,33.6,188.3,268.0,79.7,1.1,3.0,0.2,172.7,83.6
MORE34OLR,C,ERRATIC,moulding,1073.5,2.2,32.3,148.9,223.0,74.1,1.1,1.0,0.1,260.1,75.8
MORE34R,A,ERRATIC,moulding,800.5,6.17,100.7,304.3,953.3,649.0,3.5,30.0,2.6,432.1,46.0
MORE34W,C,LUMPY,moulding,2217.5,0.21,4.8,6.3,15.6,9.3,1.4,0.0,0.0,2131.9,3.9
MORE38M,C,INTERMITTENT,moulding,2728.5,0.28,7.0,16.9,27.9,11.0,1.3,0.0,0.0,2619.6,4.0
MORE38O,C,ERRATIC,moulding,1636.5,2.88,34.1,126.3,226.1,99.8,1.1,0.0,0.0,592.5,63.8
MORE38R,C,ERRATIC,moulding,1497.5,2.32,19.1,74.8,154.0,79.2,1.1,0.0,0.0,651.9,56.5
MORIM,A,LUMPY,moulding,2104.0,5.89,204.9,375.5,963.0,587.4,3.3,13.0,1.0,479.4,77.2
MORIO,A,SMOOTH,moulding,8645.5,43.8,674.3,4002.7,8266.5,4263.8,3.2,43.0,4.8,2536.1,70.7
MORIR,A,ERRATIC,moulding,4940.5,19.47,318.0,1252.4,3225.7,1973.3,3.3,30.0,3.9,1326.5,73.1
MORIW,B,LUMPY,moulding,2051.5,8.96,101.4,316.5,872.1,555.6,2.0,81.0,21.9,431.5,79.0
MOSC316M,C,LUMPY,moulding,1386.5,0.33,29.7,42.0,45.3,3.3,0.3,0.0,0.0,1241.9,10.4
MOSC316O,B,LUMPY,moulding,614.0,4.33,130.8,321.4,577.1,255.8,1.9,66.0,34.6,264.6,56.9
MOSC316R,C,LUMPY,moulding,1206.0,0.0,0.5,0.6,0.8,0.1,1.0,0.0,0.0,1181.7,2.0
MOSL152M,C,LUMPY,moulding,1633.0,0.84,51.5,85.3,97.5,12.2,0.5,0.0,0.0,1331.7,18.5
MOSL152O,C,ERRATIC,moulding,3675.0,2.84,47.3,178.0,276.7,98.7,1.1,0.0,0.0,2617.0,28.8
MOSL152R,B,ERRATIC,moulding,2333.0,5.19,54.3,230.6,577.7,347.1,2.2,9.0,1.0,458.5,80.3
MOST12,A,ERRATIC,moulding,11076.0,14.87,244.2,660.5,2255.8,1595.3,3.5,0.0,0.0,5565.0,49.8
MOST34,A,ERRATIC,moulding,11509.0,60.37,621.4,2251.4,8356.8,6105.4,3.3,61.0,7.8,3624.8,68.5
MOTHO58,C,LUMPY,moulding,1108.0,0.56,18.1,40.3,52.5,12.1,0.7,0.0,0.0,901.3,18.7
MOTHR58,C,LUMPY,moulding,1750.0,0.32,23.0,43.4,46.1,2.6,0.3,0.0,0.0,1621.1,7.4
MOTMH58,C,LUMPY,moulding,411.0,0.19,10.2,14.5,18.2,3.8,0.6,0.0,0.0,334.4,18.6
MOTMM58,C,LUMPY,moulding,912.5,1.9,53.1,150.1,188.9,38.8,0.7,3.0,0.4,203.2,77.7
MOTMO58,A,SMOOTH,moulding,1060.0,7.08,97.2,359.1,1079.2,720.1,3.3,26.0,1.5,452.0,57.4
MOTMR58,B,ERRATIC,moulding,1211.0,5.18,48.9,214.6,559.5,344.8,2.2,43.0,3.3,210.1,82.7
MOTMW58,C,LUMPY,moulding,1151.0,0.55,37.0,72.5,72.6,0.1,0.0,0.0,0.0,935.9,18.7
MOTRH,C,LUMPY,moulding,708.5,0.47,42.8,66.2,80.3,14.1,1.0,0.0,0.0,535.9,24.4
MOTRM,B,LUMPY,moulding,1511.5,5.47,155.3,341.3,671.5,330.2,2.0,42.0,4.1,303.1,79.9
MOTRO,A,ERRATIC,moulding,4704.0,24.75,445.1,1707.5,4230.3,2522.8,3.4,34.0,3.4,1562.6,66.8
MOTROPC42,C,LUMPY,moulding,171.0,1.83,13.9,26.8,92.5,65.7,1.2,98.0,12.1,45.5,73.4
MOTROPC48,C,ERRATIC,moulding,407.0,3.83,27.3,161.3,286.0,124.7,1.1,92.0,34.1,86.4,78.8
MOTROPC54,C,LUMPY,moulding,294.0,1.84,11.6,24.5,87.4,62.8,1.1,95.0,12.3,44.3,84.9
MOTROS,A,LUMPY,moulding,2701.9,2.37,187.4,220.6,462.5,242.0,3.4,0.0,0.0,1849.3,31.6
MOTRO2,C,LUMPY,moulding,-9.0,0.77,17.2,22.5,53.9,31.3,1.3,100.0,26.6,36.5,0.0
MOTRR,A,ERRATIC,moulding,3131.1,16.85,417.2,1360.6,3133.1,1772.6,3.5,19.0,1.4,1337.5,57.3
MOTRW,C,LUMPY,moulding,1581.0,7.34,32.3,98.3,331.8,233.5,1.0,91.0,23.3,164.5,89.6
