Work Source,Code,Work Order,Release,Sequence,Date,Item Number,Description,Quantity,Unit Cost,Cost Extension,User,Item Division,Item Master Description,Product/Form Code
ITEMWORK,INT,696001,0,1,2026-08-26,GFLEW7501,"WALNUT 7.5"" NATURAL",121.00,4.67600,13194.36,LMORENO1,1,"WALNUT 7.5"" NATURAL",10002/EN
ITEMWORK,INT,696001,0,2,2026-08-26,UNCOAC12,"1/2"" ACOUSTIC CORK SHEETS 2x3",184.00,1.30100,1436.30,LMORENO1,3,"1/2"" ACOUSTIC CORK SHEETS 2x3",5041/UN
ITEMWORK,INT,696153,0,1,2026-08-26,GNIIM5171,"MAPLE 5"" LATTE DISTRESSED",140.00,3.10000,434.00,LMORENO1,1,"MAPLE 5"" LATTE DISTRESSED",10060/EN
ITEMWORK,INT,696278,0,1,2026-08-26,GFCOO314PS,5/8 X 3 1/4 PREMIUM W/O S.E,1411.20,3.47000,4896.86,LMORENO1,1,5/8 X 3 1/4 PREMIUM W/O S.E,10157/EN
ITEMWORK,INT,696301,0,1,2026-08-26,FILB238,LOBA 2K INVISIBLE PROTECT A.T,40.00,104.28684,4171.47,LMORENO1,3,LOBA 2K INVISIBLE PROTECT A.T,6050/FI
ITEMWORK,INT,696301,0,2,2026-08-26,FILB294,LOBA WS WHITENER 80 ML,20.00,5.18160,103.63,LMORENO1,3,LOBA WS WHITENER 80 ML,6050/FI
ITEMWORK,INT,696301,0,3,2026-08-26,FILB294,LOBA WS WHITENER 80 ML,20.00,5.08580,101.72,LMORENO1,3,LOBA WS WHITENER 80 ML,6050/FI
ITEMWORK,INT,696316,0,1,2026-08-26,RQ214SRSSP,3/4 X 2-1/4 SELECT RED OAK,651.00,2.75700,1794.81,LMORENO1,1,3/4 X 2-1/4 SELECT RED OAK,5380/SF
ITEMWORK,INT,696330,1,5,2026-08-26,GNSSH538,"HICKORY 5"" SMOOTH NATURAL",2257.50,3.21000,7246.58,LMORENO1,1,"HICKORY 5"" SMOOTH NATURAL",10085/EN
ITEMWORK,INT,696330,1,6,2026-08-26,GCIIBT8H38,GII 8' BABY THRESHOLD HICK NAT,4.00,29.20000,116.80,LMORENO1,7,GII 8' BABY THRESHOLD HICK NAT,11073/MO
ITEMWORK,INT,696330,1,7,2026-08-26,GCSSNO8H38,SS 8' NOSING HICKORY NATURAL,1.00,43.80000,43.80,LMORENO1,7,SS 8' NOSING HICKORY NATURAL,11067/MO
ITEMWORK,INT,696408,0,1,2026-08-26,GHEXSM538,1/2 X 5 SANTOS MAHOGANY,244.58,3.65800,894.67,LMORENO1,1,1/2 X 5 SANTOS MAHOGANY,10024/EN
ITEMWORK,INT,696439,0,1,2026-08-26,GHEXSM538,1/2 X 5 SANTOS MAHOGANY,104.82,3.65800,383.43,LMORENO1,1,1/2 X 5 SANTOS MAHOGANY,10024/EN
ITEMWORK,INT,696458,0,1,2026-08-26,GFLEO9504,"EURO OAK 9.5"" ROMANTIQUE",2.00,3.25400,147.99,LMORENO1,1,"EURO OAK 9.5"" ROMANTIQUE",10003/EN
ITEMWORK,INT,696485,0,1,2026-08-26,GHNPO210,"EURO OAK 7.5""LAGUNA BEACH 1/2""",7.00,2.39000,390.14,LMORENO1,1,"EURO OAK 7.5""LAGUNA BEACH 1/2""",10016/EN
ITEMWORK,INT,696890,0,1,2026-08-26,MOTRR,"1"" X 11-3/4"" SOLID R/O TREAD",6.50,5.75000,37.38,LMORENO1,7,"1"" X 11-3/4"" SOLID R/O TREAD",12001/MO
TRANWORK,INT,691243,0,1,2026-08-26,GNSSM554,"MAPLE 5"" SMOOTH WHEAT",17.50,2.99000,52.33,JRIVERA1,1,"MAPLE 5"" SMOOTH WHEAT",10061/EN
TRANWORK,INT,691513,0,1,2026-08-26,ETCBB5145,3/8 X 5 DIST BIRCH SPICE,26.25,2.00000,52.50,JRIVERA1,1,3/8 X 5 DIST BIRCH SPICE,10125/EN
TRANWORK,INT,693766,0,3,2026-08-26,GFBHO9505,"EURO OAK 9.5"" RODEO DRIVE",2.00,3.79000,172.37,JRIVERA1,1,"EURO OAK 9.5"" RODEO DRIVE",10539/EN
TRANWORK,INT,693766,0,4,2026-08-26,GFBHO9505,"EURO OAK 9.5"" RODEO DRIVE",1.00,3.59000,81.64,JRIVERA1,1,"EURO OAK 9.5"" RODEO DRIVE",10539/EN
TRANWORK,INT,693766,0,5,2026-08-26,GFBHO9505,"EURO OAK 9.5"" RODEO DRIVE",1.00,3.59000,81.64,JRIVERA1,1,"EURO OAK 9.5"" RODEO DRIVE",10539/EN
TRANWORK,INT,693766,0,6,2026-08-26,GFBHO9505,"EURO OAK 9.5"" RODEO DRIVE",1.00,3.59000,81.64,JRIVERA1,1,"EURO OAK 9.5"" RODEO DRIVE",10539/EN
TRANWORK,INT,695104,0,1,2026-08-26,GNSSM554,"MAPLE 5"" SMOOTH WHEAT",17.50,2.99000,52.33,JRIVERA1,1,"MAPLE 5"" SMOOTH WHEAT",10061/EN
TRANWORK,INT,695772,1,1,2026-08-26,GHCVR538,"R/O NAT. ENG 5"" 2MM",17.50,3.39000,59.33,JRIVERA1,1,"R/O NAT. ENG 5"" 2MM",10139/EN
TRANWORK,INT,696037,0,1,2026-08-26,GHCVR538,"R/O NAT. ENG 5"" 2MM",17.50,3.39000,59.33,JRIVERA1,1,"R/O NAT. ENG 5"" 2MM",10139/EN
TRANWORK,INT,696481,0,1,2026-08-26,MONO58O3S,5/8 X 3 SQUARE NOSING W/O 8'EA,1.00,23.60000,23.60,JRIVERA1,7,5/8 X 3 SQUARE NOSING W/O 8'EA,12003/MO
TRANWORK,INT,696481,0,2,2026-08-26,MONO58O5S,5/8 X 5 SQUARE NOSING W/O 8'EA,1.00,34.75000,34.75,JRIVERA1,7,5/8 X 5 SQUARE NOSING W/O 8'EA,12003/MO
TRANWORK,INT,696524,0,2,2026-08-26,GCNPNO8O211,NEWPORT 8' NOSING MANHATTAN B.,16.00,53.50000,856.00,JRIVERA1,7,NEWPORT 8' NOSING MANHATTAN B.,11013/MO
TRANWORK,INT,696543,0,1,2026-08-26,GHCVO538,"W/O NAT. ENG 5"" 2MM",87.50,2.99000,261.63,JRIVERA1,1,"W/O NAT. ENG 5"" 2MM",10146/EN
TRANWORK,INT,696544,0,1,2026-08-26,PFAPR31401,3/4 X 3.25 RED OAK NATURAL,31.00,4.50256,2791.59,JRIVERA1,1,3/4 X 3.25 RED OAK NATURAL,5681/SF
TRANWORK,INT,696572,0,1,2026-08-26,GFALO7507,"EURO OAK 7.5"" VENTASSO",2.00,4.61500,179.25,JRIVERA1,1,"EURO OAK 7.5"" VENTASSO",10535/EN
TRANWORK,INT,696573,0,1,2026-08-26,GHCVM538,"MAPLE NAT. ENG 5"" 2MM",1.00,3.59000,62.83,JRIVERA1,1,"MAPLE NAT. ENG 5"" 2MM",10136/EN
TRANWORK,INT,696575,0,1,2026-08-26,GHCVM538USA,"MAPLE NATURAL 5"" 3MM",1.00,3.92420,132.44,JRIVERA1,1,"MAPLE NATURAL 5"" 3MM",10162/EN
TRANWORK,INT,696770,0,1,2026-08-26,RQ5SOS,3/4 x 5 W/O SEL SQUARE EDGE,60.00,4.92300,295.38,JRIVERA1,1,3/4 x 5 W/O SEL SQUARE EDGE,5410/SF
TRANWORK,INT,696786,0,1,2026-08-26,UNCOAC14,"1/4"" ACOUSTIC CORK SHEETS 2x3",50.00,0.60600,181.80,JRIVERA1,3,"1/4"" ACOUSTIC CORK SHEETS 2x3",5041/UN
TRANWORK,INT,696792,0,1,2026-08-26,GFALO9503S,"EURO OAK 9.5"" DOMA SELECT",41.00,7.05120,7080.04,JRIVERA1,1,"EURO OAK 9.5"" DOMA SELECT",10541/EN
TRANWORK,INT,696819,0,1,2026-08-26,GHCVO568USA,"WHITE OAK PRAIRIE WHEAT 5"" 3MM",1.00,3.98850,134.61,JRIVERA1,1,"WHITE OAK PRAIRIE WHEAT 5"" 3MM",10160/EN
TRANWORK,INT,696847,0,1,2026-08-26,GFLEO9504,"EURO OAK 9.5"" ROMANTIQUE",7.00,3.49500,556.33,JRIVERA1,1,"EURO OAK 9.5"" ROMANTIQUE",10003/EN
TRANWORK,INT,696858,0,1,2026-08-26,FILBW159,LOBA 2K SUPRA A.T.SEMI-GLOSS,1.00,125.82490,125.82,JRIVERA1,3,LOBA 2K SUPRA A.T.SEMI-GLOSS,6050/FI
TRANWORK,INT,691216,1,1,2026-08-27,BE3M880,3M BELT 7-7/8 X 29-1/2 80G,10.00,7.79000,77.90,ERODRIGUE8,3,3M BELT 7-7/8 X 29-1/2 80G,1010/AB
TRANWORK,INT,691216,1,2,2026-08-27,ED3M1007,3M EDGER DISC 7 X 7/8 100G REG,400.00,0.59000,236.00,ERODRIGUE8,3,3M EDGER DISC 7 X 7/8 100G REG,1250/AB
TRANWORK,INT,691216,1,3,2026-08-27,ED3M405,3M EDGER DISC 7 X 5/16 40G REG,200.00,0.82000,164.00,ERODRIGUE8,3,3M EDGER DISC 7 X 5/16 40G REG,1251/AB
TRANWORK,INT,691216,1,4,2026-08-27,HI3M5RQC1205,"3M 5"" X 5 HOLE HD HOOKIT 120G",200.00,0.51000,102.00,ERODRIGUE8,3,"3M 5"" X 5 HOLE HD HOOKIT 120G",1420/AB
TRANWORK,INT,695772,1,1,2026-08-27,GHCVR538,"R/O NAT. ENG 5"" 2MM",17.50,3.39000,59.33,MCASTRO6,1,"R/O NAT. ENG 5"" 2MM",10139/EN
TRANWORK,INT,695795,0,1,2026-08-27,PFAPO31401,3/4 X 3.25 WHITE OAK NATURAL,7.00,4.92510,689.51,ERODRIGUE8,1,3/4 X 3.25 WHITE OAK NATURAL,5681/SF
TRANWORK,INT,696296,0,1,2026-08-27,ADBOG68250,BOSTIK'S GREENFORCE 4GAL,3.00,125.94000,377.82,ERODRIGUE8,3,BOSTIK'S GREENFORCE 4GAL,3380/AD
TRANWORK,INT,696296,0,3,2026-08-27,GCCVTM8O68,CRY.VAL 8' T-MOULD PRAI.WHEAT,2.00,15.00000,30.00,ERODRIGUE8,7,CRY.VAL 8' T-MOULD PRAI.WHEAT,11157/MO
TRANWORK,INT,696543,0,1,2026-08-27,GHCVO538,"W/O NAT. ENG 5"" 2MM",87.50,2.99000,261.63,MCASTRO6,1,"W/O NAT. ENG 5"" 2MM",10146/EN
TRANWORK,INT,696584,0,1,2026-08-27,NONSTOCK,PHOTOSHOOT PROGRAM INSERTS,140.00,0,0,MCASTRO6,,NON-STOCK ITEMS,9999/99
TRANWORK,INT,696585,0,1,2026-08-27,NONSTOCK,PHOTOSHOOT PROGRAM INSERTS,140.00,0,0,ERODRIGUE8,,NON-STOCK ITEMS,9999/99
TRANWORK,INT,696590,0,1,2026-08-27,UN15LB,#15 FELT 432 SQ. FT.,36.00,17.90278,644.50,MCASTRO6,3,#15 FELT 432 SQ. FT.,5050/UN
TRANWORK,INT,696846,0,1,2026-08-27,NONSTOCK,SCAN TO PAY DOCUMENTS,2.00,0,0,MCASTRO6,,NON-STOCK ITEMS,9999/99
TRANWORK,INT,696848,0,1,2026-08-27,NONSTOCK,SCAN TO PAY DOCUMENTS,2.00,0,0,ERODRIGUE8,,NON-STOCK ITEMS,9999/99
TRANWORK,INT,696908,0,1,2026-08-27,GCBHBT8O02,B.H BABY T-HOLD CANON,3.00,20.00000,60.00,ERODRIGUE8,7,B.H BABY T-HOLD CANON,11054/MO
