sku,product_type,abc,demand_class,current_inv,avg_ending_inv,inv_reduction_pct,stockout_pct,avg_stockout_days,rop,order_up_to,nominal_q,roq_months
APLB127,sundries,C,INTERMITTENT,28.0,5.317410613862114,81.0092478076353,74.0,17.13,6.634212238165901,11.444821729988053,4.810609491822152,1.1098097662178275
WPDSMA35,sundries,C,INTERMITTENT,0.0,0.8840801258327164,0.0,65.0,16.7,1.689859363434493,1.149282013323464,0.0,0.0
FIHAW6200G,sundries,C,SMOOTH,51.0,11.219150899906863,78.0016649021434,49.0,4.37,15.694740184531424,27.785768990139054,12.09102880560763,1.2312137247178345
ADSI812628,sundries,C,LUMPY,45.0,30.02578231292525,33.27603930461055,0.0,0.0,6.187755102040815,7.412244897959182,1.224489795918367,0.9868421052631577
ACCEKA1296,sundries,C,INTERMITTENT,0.0,2.8995699413833425,0.0,99.0,35.87,3.854484257426342,5.882668724958519,2.028184467532177,0.9909629752300355
MPAA40818A,sundries,C,LUMPY,49.0,16.273030359431345,66.7897339603442,79.0,23.87,25.983656193309898,31.378678758646892,5.395022565336994,0.4617582591690886
ES3M1007,sundries,B,INTERMITTENT,149.0,109.05714285714268,26.807286673058606,0.0,0.0,45.52375760269128,0.009659843221352275,0.0,0.0
STLB201,sundries,C,LUMPY,50.0,29.59910045667721,40.80179908664558,0.0,0.0,7.286597164005168,6.296978805985105,0.0,0.0
FCWO617951A,sundries,C,LUMPY,1.0,1.7331980652715253,-73.31980652715254,63.0,22.44,4.814071124285714,2.333558158057144,0.0,0.0
MANA10S0001N,sundries,C,INTERMITTENT,2.0,1.357876567145102,32.1061716427449,36.0,5.95,1.7107569163405685,1.7081628192958611,0.0,0.0
WPCRDD09,sundries,C,LUMPY,89.0,15.082560436805117,83.05330287999423,1.0,0.1,16.575798748255075,19.68676327051978,3.1109645222647053,0.47063437158138405
STZA120,sundries,C,INTERMITTENT,7.0,6.881571428571428,1.6918367346938825,0.0,0.0,1.7142857142857144,1.7142857142857144,0.0,0.0
BE3MG1260,sundries,B,ERRATIC,324.0,62.19829206230815,80.80299627706539,7.000000000000001,0.39,52.494617504045856,128.7248872278408,76.23026972379495,2.523291683366617
FCWO530225AA,sundries,C,INTERMITTENT,0.0,1.980142857142857,0.0,12.0,1.99,1.9999999999999998,1.9999999999999998,0.0,0.0
BE3MG1236,sundries,C,LUMPY,0.0,1.771301870148208,0.0,100.0,82.32,18.205450945014597,5.001374727291065,0.0,0.0
FASEBAX15,sundries,C,LUMPY,71.0,17.251652452128997,75.70189795474789,2.0,0.04,9.166246272980345,12.472129532694153,3.3058832597138075,0.7525172652004923
HTMTNT677,sundries,C,INTERMITTENT,66.0,8.718264730247787,86.79050798447304,21.0,3.5,8.026284828852653,14.146158715877078,6.119873887024426,1.1732806236987754
BE3MG12120,sundries,C,LUMPY,56.0,16.07039765114879,71.30286133723429,31.0,5.97,22.742528733220045,24.37108771281406,1.6285589795940147,0.2174152355484756
EDNO55961,sundries,C,INTERMITTENT,122.0,118.66214285714284,2.735948477751771,0.0,0.0,39.285714285714285,39.285714285714285,0.0,0.0
ED3M165,sundries,A,LUMPY,1987.0,1039.4105017912884,47.68945637688533,0.0,0.0,281.03448909126246,541.0403783903319,260.0058892990694,3.4120320154987502
PP450,sundries,C,LUMPY,26.0,24.740714285714198,4.843406593406932,0.0,0.0,2.127384533026355,0.49594952476802145,0.0,0.0
HTWAFL021E,sundries,C,INTERMITTENT,14.0,6.942441248182106,50.411133941556386,4.0,0.76,2.199452612177084,2.7322385576875012,0.5327859455104171,0.9868421052631579
ADSI583769,sundries,A,SMOOTH,818.0,595.2625540309573,27.229516622132362,11.0,0.47,464.0643191934598,1513.6537712581417,1049.5894520646818,3.5379491208460903
MASW835,sundries,C,INTERMITTENT,11.0,2.5856509502343488,76.49408227059683,14.000000000000002,1.91,2.2750104064347036,3.0631403463971045,0.7881299399624009,0.9868421052631582
MPACE12,sundries,C,INTERMITTENT,29.0,23.621670295852677,18.54596449705973,0.0,0.0,2.229283462310299,2.5712876211749847,0.3420041588646856,0.7945532140860687
FAPNE112,sundries,C,INTERMITTENT,12.0,10.613605442176873,11.553287981859395,0.0,0.0,2.2448979591836733,0.6176870748299317,0.0,0.0
ED3M607,sundries,A,SMOOTH,6626.0,4460.305439088461,32.68479566724327,4.0,0.07,2676.9617192588744,8651.104675536966,5974.142956278092,3.576106612475046
ADFR5065,sundries,C,SMOOTH,193.0,12.53682918416669,93.50423358333332,33.0,3.08,21.073893931868053,39.34656221606377,18.272668284195714,1.0839861779924325
DP3M12100C,sundries,B,SMOOTH,127.0,107.69816747518531,15.198293326625736,30.0,1.57,98.57755382185603,255.64892683008588,157.07137300822984,2.3147283045944174
WPWWCP168,sundries,C,INTERMITTENT,47.0,46.04890398809526,2.0236085359675284,0.0,0.0,1.761848776223776,0.4451445054945054,0.0,0.0
STDS121,sundries,B,SMOOTH,211.0,114.10617498565452,45.921244082628185,31.0,1.77,101.32600951010441,264.3677884734703,163.04177896336586,2.295687847505501
UBST11921A,sundries,C,INTERMITTENT,68.0,22.550834636172034,66.83700788798231,0.0,0.0,5.877905649697546,9.938584057320469,4.060678407622923,1.0863285228381818
WPDS215,sundries,C,INTERMITTENT,33.0,18.003058408174205,45.44527755098726,0.0,0.0,3.0351198427153387,4.227589581911008,1.1924697391956696,0.9868421052631576
MPAA21066A,sundries,C,INTERMITTENT,8.0,2.7644252697499416,65.44468412812573,86.0,25.25,3.943470197460959,5.9698383164476425,2.0263681189866833,1.002148487501917
WB14WB,sundries,C,INTERMITTENT,32.0,16.227996072102567,49.28751227467948,0.0,0.0,3.289158855388261,4.561758320597577,1.272599465209316,1.0264261298193222
DP3M12120C,sundries,C,INTERMITTENT,299.0,205.16192019561674,31.383973178723494,0.0,0.0,12.163651968231463,20.20858997331352,8.044938005082056,1.0703745118563905
FIBOW3006,sundries,B,ERRATIC,182.0,117.16812406930893,35.62190985202806,73.0,9.12,105.68045898837491,280.60477011593883,174.92431112756393,2.2434900003825415
FPPEW34,sundries,A,LUMPY,4340.0,2101.803659252144,51.571344256863036,13.0,3.41,1081.7211272727268,1723.9038545454541,642.1827272727273,2.9605263157894752
BRTA2,sundries,B,ERRATIC,147.0,53.89704480865244,63.33534366758337,33.0,2.85,46.691193116544994,118.66335978386854,71.97216666732355,2.3829561476561456
BELO8Z016,sundries,C,LUMPY,67.0,14.979628235965064,77.64234591647005,41.0,9.89,21.11907424595416,23.880698769937432,2.761624523983272,0.34551764294899534
SSNO26297,sundries,C,LUMPY,21.0,17.973714285714262,14.41088435374161,0.0,0.0,7.527999649160363,0.3136181937110509,0.0,0.0
WPCRBC17,sundries,C,ERRATIC,78.0,10.805091937983688,86.14731802822604,37.0,4.27,13.467354196205072,23.89118131794593,10.423827121740857,1.2435939496584507
FAPNC134S,sundries,B,SMOOTH,316.0,139.7721743370984,55.7682992604119,27.0,1.38,128.93961159928477,335.77291245525646,206.8333008559717,2.3016418138016133
UNM800100,sundries,A,SMOOTH,574.0,308.51058913608796,46.252510603469,5.0,0.13,193.324466895833,615.9665704330051,422.64210353717215,3.6375834788477435
FAPN2005,sundries,C,INTERMITTENT,31.0,13.782147814738922,55.54145866213251,1.0,0.09,3.042118551556394,4.369951388827074,1.3278328372706798,0.9868421052631579
WPDS221,sundries,C,INTERMITTENT,40.0,25.275390284129674,36.81152428967581,0.0,0.0,3.0402646136583407,4.21796141538178,1.1776968017234397,0.9868421052631577
BP3MWHI16,sundries,A,SMOOTH,310.0,292.8947464462536,5.517823727014974,7.000000000000001,0.38,191.2959981746554,588.6227920592501,397.3267938845946,3.8062155553342714
FCWO522075AA,sundries,C,LUMPY,0.0,1.578563460717567,0.0,65.0,21.51,2.856256542632773,2.029368736389715,0.0,0.0
FIDSW80710,sundries,B,SMOOTH,122.0,102.81625923751811,15.724377674165483,42.0,2.41,91.99418563355914,241.76232575554292,149.76814012198378,2.2736140054828557
FCLOMA019,sundries,C,LUMPY,99.0,18.578470624498525,81.2338680560621,4.0,0.47,15.534653623419597,19.931263298831244,4.396609675411646,0.6317858541616047
MORIO,moulding,A,SMOOTH,7740.45,2798.7110948522745,63.84304407557346,11.0,0.43,2161.2482899675674,6950.202629587344,4788.954339619777,3.597009477635462
MONO34R,moulding,B,ERRATIC,1743.5,511.34083717861046,70.67158949362717,57.99999999999999,7.89,428.70354331697774,1100.9969212237752,672.2933779067974,2.346750533195556
MOBS12R,moulding,A,ERRATIC,2355.0,3595.526716974119,-52.67629371439997,9.0,0.37,2531.8270831919617,7490.261770820568,4958.434687628606,4.0329488105146485
MORIW,moulding,B,LUMPY,2051.5,562.3202876410892,72.5897983114263,71.0,16.0,518.4716413890505,1035.31703470224,516.8453933131896,1.8972047703607962
MORIR,moulding,A,ERRATIC,4614.5,1630.20447924847,64.67213177487334,11.0,0.55,1086.801550960598,3341.6758964692167,2254.8743455086187,3.8100449845450624
MORE34H,moulding,C,LUMPY,880.0,838.1979732679646,4.750230310458569,0.0,0.0,30.19022676866939,17.829057060086857,0.0,0.0
MONO34O,moulding,A,ERRATIC,2895.8,924.139977114527,68.08688524364503,5.0,0.21,640.0755091832202,1933.3678262859316,1293.2923171027114,3.907662195635381
MOBS12M,moulding,A,ERRATIC,3020.0,1929.5455897547197,36.10776192865167,5.0,0.43,1236.492991019355,3619.3139131282205,2382.8209221088655,4.102609648539393
MONO34W,moulding,C,LUMPY,2476.0,2222.8032694249846,10.226039199314032,0.0,0.0,90.27798622693814,83.69402123498611,0.0,0.0
MORE34R,moulding,A,ERRATIC,800.5,591.7996179631435,26.07125322134372,9.0,0.57,377.0595249951152,1124.2666966900317,747.2071716949165,3.9842236197231364
MOTRH,moulding,C,LUMPY,708.5,536.875020713783,24.2237091441379,0.0,0.0,80.13204979274875,85.15155528010902,5.019505487360277,0.3521361480228726
MOTMW58,moulding,C,LUMPY,1151.0,934.294102422035,18.827619250909205,0.0,0.0,57.57600425370184,57.83110035264504,0.2550960989431985,0.015138081536687845
MOTRR,moulding,A,ERRATIC,3079.05,1585.6150980898124,48.50310653968554,3.0,0.14,1116.043413309494,3242.8736140491073,2126.8302007396132,4.152894792325823
MOTROPC48,moulding,C,ERRATIC,407.0,98.29566259597472,75.84873154890056,89.0,22.46,152.77313036256476,283.31843587435634,130.54530551179158,1.1219194045379772
MOBS12H,moulding,C,LUMPY,758.5,733.2748571428572,3.32566155005179,0.0,0.0,142.0606254233853,88.23308270676692,0.0,0.0
MORE34OLM,moulding,C,LUMPY,1859.0,1851.2910714285715,0.4146814723737755,0.0,0.0,12.14020178156157,1.4558613699989993,0.0,0.0
MOTMM58,moulding,C,LUMPY,912.5,205.01309920712373,77.53281104579466,1.0,0.02,126.3112790116775,159.05102615033903,32.73974713866153,0.5657549870830813
MOTMR58,moulding,B,ERRATIC,1211.0,272.6808351040836,77.48300288157857,18.0,1.12,242.82791684158423,617.6575388745782,374.829622032994,2.379956244473726
MORE34O,moulding,A,SMOOTH,1625.0,702.873066768669,56.74627281423575,7.000000000000001,0.29,520.5052381106964,1612.3868640892483,1091.881625978552,3.771646100041626
MOTRO2,moulding,C,LUMPY,-9.0,77.52733519878115,0.0,100.0,49.27,116.65269833937072,99.47813792800827,0.0,0.0
MOSL152O,moulding,C,ERRATIC,3675.0,2615.9644422094557,28.81729408953862,0.0,0.0,142.54870264916917,251.5215562898876,108.97285364071843,1.2617336382367432
MOST34,moulding,A,ERRATIC,11509.0,4353.480715455186,62.17324949643596,35.0,3.67,3121.097566589392,9864.36197336693,6743.264406777537,3.674340546491675
MOCV1234R,moulding,B,LUMPY,2388.5,661.6299730620345,72.2993521849682,23.0,2.78,668.4455942264844,1148.6073898595187,480.1617956330342,1.8060876243599306
MOTMH58,moulding,C,LUMPY,411.0,334.91691931699665,18.511698463017844,0.0,0.0,29.048292202393164,26.420697726284196,0.0,0.0
MOSC316O,moulding,B,LUMPY,614.0,361.14875003777,41.18098533586807,57.99999999999999,21.0,338.4885450032854,608.1209523770717,269.6324073737863,2.0480174782642626
MONO34M,moulding,C,LUMPY,1538.0,1074.3607788985237,30.145593049510815,0.0,0.0,112.2292552391084,112.92907876820396,0.6998235290955677,0.018722989688012115
MORE12O,moulding,A,ERRATIC,2931.5,831.8231328557227,71.62465860973145,8.0,0.54,597.8870097909062,1810.7649317493551,1212.877921958449,3.892477037470765
MORE34OLO,moulding,C,ERRATIC,1053.0,172.8380228174513,83.58613268590207,1.0,0.01,107.0581793303266,193.8877616770464,86.8295823467198,1.181470357113791
MOBT58R,moulding,C,ERRATIC,2794.5,2066.232111961476,26.0607582049928,0.0,0.0,92.8698905252205,165.00454136334196,72.13465083812146,1.2385986216360714
MONO12W,moulding,C,LUMPY,765.5,471.520733662572,38.40356189907615,0.0,0.0,107.45228680340446,112.94697126683636,5.494684463431895,0.25500735863826507
MORE38O,moulding,C,ERRATIC,1636.5,595.3219674771831,63.62224457823507,0.0,0.0,136.00921167573856,242.9814794008119,106.97226772507335,1.22124802832933
MONO12H,moulding,C,LUMPY,928.0,804.1020760262443,13.351069393723677,0.0,0.0,53.38716358915903,63.951905724216886,10.564742135057855,0.9868421052631579
MOQR34O,moulding,A,LUMPY,4869.5,1979.9231622935126,59.340319082174496,0.0,0.0,1051.4398387383126,1793.7867214657786,742.346882727466,3.2889663540569796
MORE12W,moulding,C,LUMPY,736.0,586.3279448310982,20.335877060992093,0.0,0.0,51.17106961954353,46.28547023515686,0.0,0.0
MORE12M,moulding,C,LUMPY,1115.5,792.0056778083176,28.999939237264222,0.0,0.0,73.6178506452047,87.2224864845223,13.60463583931761,0.501292591317071
MOBT58H,moulding,C,LUMPY,649.0,644.1759999999999,0.7432973805855269,0.0,0.0,53.9322181821438,35.51020408163265,0.0,0.0
MOTROPC54,moulding,C,LUMPY,294.0,74.0468512172589,74.81399618460581,55.00000000000001,8.47,116.55477188565239,147.23810997841656,30.683338092764174,0.5473264645257482
MOCV1234M,moulding,C,LUMPY,3447.0,2255.8058648102883,34.5574161644825,0.0,0.0,336.72297444817445,322.19825515951726,0.0,0.0
MORE34W,moulding,C,LUMPY,2217.5,2132.702306447809,3.82402225714503,0.0,0.0,32.26152589598529,27.44703543301019,0.0,0.0
MOTRM,moulding,B,LUMPY,1311.5,424.20326667215556,67.65510738298471,6.0,0.55,462.54014820661405,777.2128057203847,314.6726575137707,1.8917608600585045
MONO34O5,moulding,B,LUMPY,1125.0,308.76711585450835,72.55403414626592,10.0,0.6,320.85872593301787,543.428599778333,222.56987384531516,1.93978475384052
MORE38M,moulding,C,INTERMITTENT,2728.5,2615.1642595781536,4.1537746168901,0.0,0.0,22.057752073886956,30.70349358993804,8.645741516051086,1.0093010734911456
MOCV1234O,moulding,A,LUMPY,1447.5,1426.490897672221,1.4514060330071792,0.0,0.0,1163.128820956934,2246.5167784970918,1083.3879575401577,3.5100276606860943
MORE38R,moulding,C,ERRATIC,1497.5,653.0975130990591,56.38747825715799,0.0,0.0,101.32230902578308,183.91989422218222,82.59758519639914,1.1752315233680493
MOBT58M,moulding,C,LUMPY,1715.5,1539.3242651624037,10.269643534689381,0.0,0.0,57.73033803553707,55.42906258972326,0.0,0.0
MONO12R,moulding,A,ERRATIC,1660.0,564.8417255818624,65.97339002518902,3.0,0.19,376.9631477211967,1082.3908030501702,705.4276553289735,4.2387880356739975
MOTRW,moulding,C,LUMPY,1581.0,232.9964586502292,85.26271608790455,83.0,32.89,366.33056396888855,525.160663147215,158.83009917832646,0.7122213082658939
MOTHR58,moulding,C,LUMPY,1750.0,1605.4437987961157,8.260354354507673,0.0,0.0,36.24562187948925,41.006939249491765,4.761317370002516,0.4290322659350466
MOBT58O,moulding,C,ERRATIC,1490.45,718.7982105143117,51.77307454028571,0.0,0.0,101.98803449437594,182.10979801471728,80.12176352034135,1.2228202956558116
MORIM,moulding,A,LUMPY,1810.0,753.6528447767009,58.3617212830552,0.0,0.0,634.8134906435616,1233.6163961706984,598.8029055271368,3.346756820253828
RQ7SOS,flooring,C,LUMPY,0.0,835.3261164665419,0.0,76.0,1.98,1603.07309683605,2529.035896452541,925.9627996164909,1.0526315789473684
RQ5SOSD,flooring,C,LUMPY,0.0,252.36783600583087,0.0,84.0,2.79,650.2224637101832,1005.9208504934679,355.6983867832848,0.9539473684210527
GHCVM31438W,flooring,C,LUMPY,0.0,8797.878172098332,0.0,0.0,0.0,6649.998890001629,12075.537652888226,5425.538762886598,5.296052631578948
GHCCH590,flooring,B,LUMPY,38734.15,9790.020562389738,74.72509255427127,0.0,0.0,8702.439472775059,15124.419405660965,6421.979932885906,2.9934210526315788
GVZO7503,flooring,C,LUMPY,0.0,19.695226845637585,0.0,100.0,7.94,936.8849127516778,1368.629112176414,431.7441994247363,0.6578947368421053
GFLEO7506,flooring,C,LUMPY,58463.24,33323.5772700864,43.00080311989824,0.0,0.0,10156.655005754303,18283.675005754303,8127.019999999999,3.914473684210526
GNSSW523,flooring,C,LUMPY,24220.0,11756.30913349368,51.460325625542204,0.0,0.0,9694.048267722894,17575.801623427593,7881.753355704697,3.914473684210526
GVMP702,flooring,C,LUMPY,724.2,2035.3581402205184,-181.04917705337175,73.0,2.31,5433.083698176886,9023.0349829324,3589.9512847555134,1.019736842105263
GVWPC105,flooring,C,LUMPY,140.25,1933.2682724949482,-1278.4444010659167,13.0,0.14,2134.48681086339,3495.758958514397,1361.2721476510067,1.611842105263158
RQ3SOB,flooring,C,LUMPY,380.0,28.102650081930577,92.604565767913,71.0,2.04,113.47526485689416,171.6385301630166,58.16326530612245,0.8223684210526316
GVWPC103,flooring,C,LUMPY,56.1,3416.2168957334593,-5989.513183125596,72.0,1.64,6458.070045472667,10332.842720448698,3874.7726749760304,1.0855263157894737
RT2QRS,flooring,C,LUMPY,0.0,15.70104664480189,0.0,69.0,1.18,25.897813345906698,39.06573314540544,13.167919799498739,1.217105263157895
GLIL806,flooring,A,LUMPY,1004.99,13506.982702439025,-1243.9917514043946,0.0,0.0,13008.636131575924,21460.75710718568,8452.120975609756,2.5328947368421053
GNDV2O703,flooring,C,LUMPY,474.0,0.0,100.0,100.0,9.87,602.1095206136143,827.4981112176412,225.3885906040268,0.46052631578947373
GFALO7506,flooring,B,LUMPY,29091.16,14051.052385908344,51.69992401159546,0.0,0.0,11896.221607213505,20480.578144583418,8584.356537369913,4.177631578947368
GFDBO71882P,flooring,C,LUMPY,93.24,16.336351509170935,82.47924548565966,99.0,4.71,177.2157742927852,248.01738503104025,70.80161073825504,0.7236842105263158
RT2QOS,flooring,C,LUMPY,0.0,17.700217220071057,0.0,69.0,1.36,29.19918499140104,41.320853256022325,12.121668264621283,1.2171052631578947
GHCVO568,flooring,C,LUMPY,23117.5,11166.04782969593,51.698722484282776,0.0,0.0,8632.697503597621,15789.903879436548,7157.206375838926,5.296052631578948
GHEXCU538,flooring,C,LUMPY,-209.64,14594.7162135187,0.0,0.0,0.0,12437.758412164381,22567.309955788543,10129.55154362416,3.914473684210527
GFALO7507,flooring,C,LUMPY,23964.28,14191.368463010898,40.78116069829388,0.0,0.0,4768.38892231154,8266.065043408986,3497.6761210974455,4.177631578947368
GNCVR538,flooring,C,LUMPY,787.5,3261.135447761194,-314.11243781094527,0.0,0.0,2640.1524214660803,4473.930406540707,1833.777985074627,5.296052631578948
GCLA009,flooring,C,LUMPY,0.0,30.769811230358684,0.0,95.0,4.53,140.67090219993884,198.95466058920059,58.28375838926174,1.0855263157894737
GFDBO7193,flooring,C,LUMPY,17726.420000000002,3748.678436049898,78.8525915777134,21.0,0.29,5238.355280124393,8480.334117986395,3241.978837862002,1.2500000000000002
GVWPCII902,flooring,A,LUMPY,11067.84,14054.931904064153,-26.988932836616293,0.0,0.0,14261.48253719959,22337.697125434886,8076.214588235295,3.223684210526316
GNSSM5195,flooring,C,LUMPY,87.5,1273.8754194630874,-1355.8576222435286,0.0,0.0,1111.597827665516,1855.347827665516,743.75,3.914473684210526
GNDVPHO513O-L,flooring,C,LUMPY,2878.61,545.3983296571437,81.05341363862615,2.0,0.02,341.8768227407063,527.3687770264205,185.49195428571426,0.9539473684210527
GNVYO902,flooring,C,LUMPY,10878.48,7188.779128061677,33.917430302195925,21.0,0.35,9337.52032805369,15282.214946845635,5944.694618791946,1.3486842105263157
GFCSO75004,flooring,C,LUMPY,116.6,921.1618988223697,-690.0187811512604,61.0,1.38,1700.5949400429565,2633.047587300912,932.4526472579554,1.1184210526315792
GFDBO7196,flooring,C,LUMPY,69.93,415.18049234693854,-493.70869776481976,48.0,0.92,603.8722306987396,916.3485572293519,312.4763265306122,1.25
GNBLO7506,flooring,C,LUMPY,116.6,2126.9731502190284,-1724.1622214571428,86.0,3.16,5960.942507559841,9322.566342650924,3361.623835091083,0.9539473684210525
GLIL801,flooring,A,ERRATIC,25883.62,20400.78068777821,21.18266035516589,0.0,0.0,17863.598492844114,29976.25547516119,12112.656982317074,2.5328947368421058
GQCHO95107,flooring,C,LUMPY,99.2,643.7360954845531,-548.9275156094284,21.0,0.29,852.9779819638488,1317.4964862783263,464.5185043144776,1.5789473684210527
LALXHS09,flooring,C,LUMPY,0.0,0.0,0.0,100.0,12.0,210.0949680230105,292.16331490699895,82.06834688398848,0.493421052631579
GVVN906,flooring,A,ERRATIC,45.75999999999999,29290.550184713444,-63909.06945960107,0.0,0.0,24228.508123696985,41002.509064873455,16774.00094117647,2.763157894736842
GVVN911,flooring,A,LUMPY,343.2,13194.32080334596,-3744.499068573997,0.0,0.0,12162.292149063498,20182.674266710557,8020.382117647059,2.7631578947368425
GVCC906,flooring,C,INTERMITTENT,0.0,119643.57999999994,0.0,0.0,0.0,102144.53333333334,188501.86666666667,86357.33333333333,4.2105263157894735
RQ314SOSSP,flooring,A,ERRATIC,14000.93,6173.593683338978,55.90583137449456,0.0,0.0,6845.205997170955,11580.187166873735,4734.98116970278,1.2171052631578947
GHNPO201,flooring,A,LUMPY,13875.4,18054.171482031055,-30.116403721918328,0.0,0.0,16656.370084698472,26206.24511825552,9549.875033557048,2.993421052631579
GFDBO7181,flooring,C,LUMPY,93.24,200.8508083576575,-115.41270737629507,87.0,2.49,511.6314472983929,763.5561411759439,251.924693877551,1.085526315789474
RQ314QOSSP,flooring,C,LUMPY,2026.0,201.2778388388146,90.06525968219078,56.99999999999999,1.05,529.3316064146231,789.9147205085828,260.5831140939597,0.9210526315789475
GFALO7506S,flooring,C,LUMPY,271.88,7838.6062032033005,-2783.1124772705975,0.0,0.0,6796.029829831381,12071.710756983699,5275.680927152317,4.177631578947369
RQSO,flooring,C,LUMPY,1.0,26.15213700552543,-2515.213700552543,90.0,3.58,103.83609554077843,148.6323172156553,44.79622167487685,1.0197368421052633
GFCSO7503,flooring,C,LUMPY,139.86,567.8490854270257,-306.0125020928254,4.0,0.04,625.4281786864685,966.8231366696618,341.39495798319325,1.6447368421052633
RQ3SOS,flooring,C,LUMPY,1312.0,472.7710683588086,63.96561978972495,45.0,0.76,666.2192232837557,1063.4205809059993,397.2013576222435,1.1842105263157896
GFCYO1006,flooring,C,LUMPY,123.15,0.0,100.0,100.0,10.92,157.42295023164058,204.13501919715782,46.71206896551723,0.32894736842105265
GHBEH75101SB,flooring,C,LUMPY,676.28,0.12351651885690672,99.9817358906286,99.0,5.26,81.73831396256158,104.44340117438423,22.70508721182266,0.29605263157894735
GVVN902,flooring,A,ERRATIC,160.16,36165.60239845527,-22480.920578456084,0.0,0.0,32229.961597840058,55209.01853901653,22979.056941176466,2.763157894736842
GVSG908,flooring,C,LUMPY,818.28,0.0,100.0,100.0,10.02,925.3714497436082,1306.5163085006702,381.14485875706214,0.46052631578947373
RQ4SOS,flooring,C,LUMPY,48.0,0.0,100.0,100.0,11.82,390.29232976227087,560.7815109703246,170.48918120805368,0.46052631578947373
RQ214SOSSP,flooring,A,ERRATIC,35716.27,9635.259263827016,73.02277291602114,8.0,0.1,13531.712243024009,24510.161921835126,10978.44967881112,1.2171052631578947
