file,sku,start_inventory,end_inventory,inventory_reduction_pct,total_order_qty,max_backorder,months_with_backorders
sundries,APLB127,28.0,5.47,80.46428571428572,30.939999999999998,0.0,0
sundries,WPDSMA35,0.0,1.57,,2.4000000000000004,0.0,0
sundries,FIHAW6200G,51.0,13.75,73.0392156862745,95.83,0.0,0
sundries,ADSI812628,45.0,29.69,34.02222222222222,0.0,0.0,0
sundries,ACCEKA1296,0.0,2.71,,25.08,0.0,0
sundries,MPAA40818A,49.0,12.17,75.16326530612245,107.26,0.0,0
sundries,ES3M1007,149.0,148.98,0.013422818791953176,0.0,0.0,0
sundries,STLB201,50.0,28.82,42.36,0.0,0.0,0
sundries,FCWO617951A,1.0,4.45,-345.0,4.68,0.0,0
sundries,MANA10S0001N,2.0,1.67,16.500000000000004,3.1799999999999997,0.0,0
sundries,WPCRDD09,89.0,7.46,91.6179775280899,7.01,0.0,0
sundries,STZA120,7.0,7.0,0.0,0.0,0.0,0
sundries,BE3MG1260,324.0,33.15,89.76851851851852,81.82,0.0,0
sundries,FCWO530225AA,0.0,2.0,,0.0,0.0,0
sundries,BE3MG1236,0.0,17.87,,9.98,0.0,0
sundries,FASEBAX15,71.0,16.81,76.32394366197182,0.0,0.0,0
sundries,HTMTNT677,66.0,7.01,89.37878787878788,5.35,0.0,0
sundries,BE3MG12120,56.0,12.36,77.92857142857143,48.75,0.0,0
sundries,EDNO55961,122.0,122.0,0.0,0.0,0.0,0
sundries,ED3M165,1987.0,1047.0,47.30749874182184,0.0,0.0,0
sundries,PP450,26.0,24.98,3.9230769230769216,0.0,0.0,0
sundries,HTWAFL021E,14.0,7.34,47.57142857142857,0.0,0.0,0
sundries,ADSI583769,818.0,432.97,47.069682151589234,3274.5,0.0,0
sundries,MASW835,11.0,1.96,82.18181818181817,0.81,0.0,0
sundries,MPACE12,29.0,23.69,18.310344827586203,0.0,0.0,0
sundries,FAPNE112,12.0,10.72,10.666666666666663,0.0,0.0,0
sundries,ED3M607,6626.0,4286.14,35.313311198309684,18267.53,0.0,0
sundries,ADFR5065,193.0,19.87,89.70466321243524,34.81,0.0,0
sundries,DP3M12100C,127.0,82.96,34.67716535433071,793.0,0.0,0
sundries,WPWWCP168,47.0,46.08,1.957446808510642,0.0,0.0,0
sundries,STDS121,211.0,175.55,16.800947867298575,840.6400000000001,0.0,0
sundries,UBST11921A,68.0,21.89,67.80882352941177,0.0,0.0,0
sundries,WPDS215,33.0,18.09,45.18181818181819,0.0,0.0,0
sundries,MPAA21066A,8.0,3.01,62.375,20.0,0.0,0
sundries,WB14WB,32.0,16.71,47.78125,0.0,0.0,0
sundries,DP3M12120C,299.0,206.29,31.006688963210706,0.0,0.0,0
sundries,FIBOW3006,182.0,105.64,41.956043956043956,885.44,0.0,0
sundries,FPPEW34,4340.0,1664.24,61.65345622119817,0.0,0.0,0
sundries,BRTA2,147.0,75.9,48.367346938775505,301.48,0.0,0
sundries,BELO8Z016,67.0,12.47,81.38805970149254,49.58,0.0,0
sundries,SSNO26297,21.0,20.35,3.0952380952380882,0.0,0.0,0
sundries,WPCRBC17,78.0,6.85,91.21794871794873,42.99,0.0,0
sundries,FAPNC134S,316.0,37.85,88.02215189873417,1037.27,0.0,0
sundries,UNM800100,574.0,414.06,27.864111498257838,1273.3,0.0,0
sundries,FAPN2005,31.0,14.4,53.5483870967742,0.0,0.0,0
sundries,WPDS221,40.0,25.28,36.8,0.0,0.0,0
sundries,BP3MWHI16,310.0,288.23,7.022580645161285,1265.92,0.0,0
sundries,FCWO522075AA,0.0,2.79,,4.08,0.0,0
sundries,FIDSW80710,122.0,78.19,35.90983606557378,768.77,0.0,0
sundries,FCLOMA019,99.0,13.16,86.70707070707071,0.0,0.0,0
moulding,MORIO,7740.45,5102.78,34.07644258408749,13785.5,0.0,0
moulding,MONO34R,1743.5,247.19,85.82219673071407,2716.05,0.0,0
moulding,MOBS12R,2355.0,2228.73,5.361783439490445,15044.97,0.0,0
moulding,MORIW,2051.5,337.54,83.54667316597612,2193.17,0.0,0
moulding,MORIR,4614.5,1720.75,62.709936071080286,4406.71,0.0,0
moulding,MORE34H,880.0,843.18,4.184090909090915,0.0,0.0,0
moulding,MONO34O,2895.8,1432.92,50.51730091857173,2619.7200000000003,0.0,0
moulding,MOBS12M,3020.0,673.88,77.68609271523178,7225.719999999999,0.0,0
moulding,MONO34W,2476.0,2218.12,10.415185783521814,0.0,0.0,0
moulding,MORE34R,800.5,728.04,9.05184259837602,2240.96,0.0,0
moulding,MOTRH,708.5,532.66,24.818630910374033,0.0,0.0,0
moulding,MOTMW58,1151.0,943.13,18.05994787141616,0.0,0.0,0
moulding,MOTRR,3079.05,841.73,72.66267192802975,6118.52,0.0,0
moulding,MOTROPC48,407.0,143.89,64.64619164619165,1302.3899999999999,0.0,0
moulding,MOBS12H,758.5,758.5,0.0,0.0,0.0,0
moulding,MORE34OLM,1859.0,1855.99,0.16191500806885376,0.0,0.0,0
moulding,MOTMM58,912.5,198.65,78.23013698630137,5.73,0.0,0
moulding,MOTMR58,1211.0,401.74,66.82576383154418,1133.51,0.0,0
moulding,MORE34O,1625.0,276.81,82.96553846153847,3337.09,0.0,0
moulding,MOTRO2,-9.0,70.24,,276.96,0.0,0
moulding,MOSL152O,3675.0,2609.61,28.990204081632648,0.0,0.0,0
moulding,MOST34,11509.0,2526.7,78.04587713962985,20478.0,0.0,0
moulding,MOCV1234R,2388.5,659.49,72.38894703788988,1550.47,0.0,0
moulding,MOTMH58,411.0,339.15,17.481751824817522,0.0,0.0,0
moulding,MOSC316O,614.0,338.66,44.84364820846905,1573.8999999999999,0.0,0
moulding,MONO34M,1538.0,1076.93,29.978543563068914,0.0,0.0,0
moulding,MORE12O,2931.5,317.23,89.17857752004093,2459.4,0.0,0
moulding,MORE34OLO,1053.0,146.43,86.09401709401709,83.93,0.0,0
moulding,MOBT58R,2794.5,2076.09,25.707997852925384,0.0,0.0,0
moulding,MONO12W,765.5,499.7,34.722403657740045,0.0,0.0,0
moulding,MORE38O,1636.5,556.0,66.02505346776657,0.0,0.0,0
moulding,MONO12H,928.0,795.94,14.230603448275856,0.0,0.0,0
moulding,MOQR34O,4869.5,2085.27,57.17691754800287,0.0,0.0,0
moulding,MORE12W,736.0,590.91,19.713315217391308,0.0,0.0,0
moulding,MORE12M,1115.5,780.72,30.011653966831016,0.0,0.0,0
moulding,MOBT58H,649.0,649.0,0.0,0.0,0.0,0
moulding,MOTROPC54,294.0,89.59,69.52721088435374,487.15999999999997,0.0,0
moulding,MOCV1234M,3447.0,2255.03,34.57992457209167,0.0,0.0,0
moulding,MORE34W,2217.5,2137.18,3.6220969560315743,0.0,0.0,0
moulding,MOTRM,1311.5,438.76,66.54517727792604,1474.6000000000001,0.0,0
moulding,MONO34O5,1125.0,389.91,65.34133333333332,850.11,0.0,0
moulding,MORE38M,2728.5,2622.83,3.872823895913508,0.0,0.0,0
moulding,MOCV1234O,1447.5,989.08,31.66977547495682,4465.83,0.0,0
moulding,MORE38R,1497.5,630.53,57.89449081803005,0.0,0.0,0
moulding,MOBT58M,1715.5,1555.46,9.32905858350335,0.0,0.0,0
moulding,MONO12R,1660.0,306.31,81.54759036144578,1394.46,0.0,0
moulding,MOTRW,1581.0,237.26,84.99304237824163,1407.15,0.0,0
moulding,MOTHR58,1750.0,1613.1,7.822857142857148,0.0,0.0,0
moulding,MOBT58O,1490.45,682.2,54.22858868127075,0.0,0.0,0
moulding,MORIM,1810.0,825.31,54.402762430939234,1222.3899999999999,0.0,0
flooring,GVWPCII110,350.34999999999997,2740.3214765100665,-682.1668264621284,7206.683221476509,0.0,0
flooring,GVVN911,343.2,14092.426487394961,-4006.184873949581,40101.910588235296,0.0,0
flooring,GFGLR9506,21216.420000000002,6215.239047619051,70.70552408172985,0.0,0.0,0
flooring,GFGLR9502,42978.600000000006,43821.27942857144,-1.9606953892668324,59378.688,0.0,0
flooring,GVCC701,1365.0,1429.59349593496,-4.73212424431941,3027.642276422764,0.0,0
flooring,GWCCLW104,0.0,14.625249169435236,,95.82059800664453,0.0,0
flooring,GWCTIO103,0.0,4.533942857142858,,29.70514285714286,0.0,0
flooring,GFDBO7195,11282.039999999999,1290.2660460690324,88.56353951883672,8175.087780488973,0.0,0
flooring,GLAWHS01,0.0,1336.8453712751668,,5556.263574362416,0.0,0
flooring,GNDVO702,19612.12,4742.936970278041,75.816296401011,17572.67085330777,0.0,0
flooring,GQCHO95107,99.2,1260.4962607861935,-1170.6615532118885,4180.666538830298,0.0,0
flooring,GVSS504,1688.22,1333.3634693877552,21.01956679889142,2306.5674489795915,0.0,0
flooring,GQCHO95106,99.2,0.6025267249757045,99.39261418853256,9.640427599611273,0.0,0
flooring,GVWPCII903,567.0,6616.651764705887,-1066.957983193278,18378.804705882354,0.0,0
flooring,GWCTUW103,0.0,7.401904761904766,,48.49523809523809,0.0,0
flooring,GHBEW75402SB,209.88,0.0,100.0,195.5789244975557,0.0,0
flooring,GHCVO568USA,15322.5,8719.41176470588,43.09406582016068,21500.73529411765,0.0,0
flooring,RQ8SOB,0.0,2.4422700587084147,,60.86888454011741,0.0,0
flooring,ETCBH523,394.45,0.0,100.0,2095.444630872483,0.0,0
flooring,GVZO7502,1096.04,363.9194439117929,66.79688296852369,11160.196279961649,0.0,0
flooring,GFCSO75004,116.6,2365.456384563306,-1928.6932972241048,11189.431767095464,0.0,0
flooring,GVWPCII902,11067.84,20542.638587537207,-85.60657352778145,56533.50211764707,0.0,0
flooring,GFLEO7505,30619.16,23386.93142857143,23.619944412023607,0.0,0.0,0
flooring,GFNVO7503,0.0,15.527583108715167,,317.8587601078167,0.0,0
flooring,GCLA003,0.0,13.56169702780441,,117.32444870565675,0.0,0
flooring,PFQ5BM,0.0,0.0,,184.4897695852535,0.0,0
flooring,GHCCM592,40705.0,16228.427708533078,60.13161108332373,0.0,0.0,0
flooring,ENSOH,0.0,0.0,,0.0,0.0,0
flooring,RHSO,0.0,47.61526366251195,,261.8839501438159,0.0,0
flooring,GFCSO75006,209.88,2169.592857142856,-933.730158730158,7101.865396825397,0.0,0
flooring,GNVYO9501,85.26,5723.697777777777,-6613.227513227513,14420.142592592592,0.0,0
flooring,GHSLBI6125,0.0,0.0,,67.64412811387899,0.0,0
flooring,GHCVO568,22050.0,12993.515100671137,41.072493874507316,7157.206375838926,0.0,0
flooring,LALXRH03,0.0,9.372713326941515,,374.9085330776606,0.0,0
flooring,UNCOAC12,452994.0,155348.9755938918,65.706173681353,204674.57718120806,0.0,0
flooring,PASO,0.0,71.7738095238095,,394.7559523809524,0.0,0
flooring,GLAWRH01,5546.06,2145.8134036433357,61.30922846771698,2163.793288590604,0.0,0
flooring,RQ112SOSNB,-14.0,849.0682128475551,,7466.543608820708,0.0,0
flooring,GFALPH405-R,4743.0,3366.6354285714287,29.018860877684403,3298.081142857143,0.0,0
flooring,GFCSO75008,2285.36,3384.9524712254574,-48.1146283835132,8318.656086662153,0.0,0
flooring,GHCAM75201,0.0,393.1584062196307,,11322.962099125365,0.0,0
flooring,GHBEM75203SB,163.24,1.7461280788177334,98.93033075299086,97.7831724137931,0.0,0
flooring,GNBLO75002,23.0,4.440892098500626e-16,100.0,37.39837398373984,0.0,0
flooring,GVMP902,22.88,7709.112176414186,-33593.672099712356,44112.289012464054,0.0,0
flooring,GNSSM508,40005.0,12553.612459311806,68.61989136529982,0.0,0.0,0
flooring,GNSSM554,33229.5,27420.776941109078,17.48062131205983,47644.43959731544,0.0,0
flooring,GNDVO701,2611.84,7242.081896452539,-177.2789258320777,34171.18519581975,0.0,0
flooring,GVVN902,160.16,39598.589042016785,-24624.393757502985,114895.28470588234,0.0,0
flooring,GFVGO903,14462.64,4934.19823835091,65.88314278478265,11260.885718312558,0.0,0
flooring,GFCOPHO5S-R,60.18,247.81957603686615,-311.79723502304114,3841.092497695852,0.0,0
