Invoice Date,Vendor Number,Vendor Name,Invoice Number,Amount,GL Account,Description,AR Customer,AR Invoice
2024-01-01,600,FEDEX,2-230-36303,162.25,2150,TRACKING: 77453170113,,
2024-01-01,600,FEDEX,2-230-36303,162.25,2150,TRACKING: 77453170113,,
2024-01-22,600,FEDEX,2-235-98445,360.85,2150,HENRY SUN ORDER // REF# 4,,
2024-01-22,600,FEDEX,2-235-98445,360.85,2150,HENRY SUN ORDER // REF# 4,,
2024-01-25,600,FEDEX,2-237-52745,7.85,2150,,,
2024-01-25,600,FEDEX,2-237-52745,7.85,2150,,,
2024-01-29,600,FEDEX,2-238-12639,306.59,2150,,,
2024-01-29,600,FEDEX,2-238-12639,306.59,2150,,,
2024-02-05,600,FEDEX,2-240-34365,230.64,2150,,,
2024-02-05,600,FEDEX,2-240-34365,230.64,2150,,,
2024-02-12,600,FEDEX,2-242-57423,314.49,2150,,,
2024-02-12,600,FEDEX,2-242-57423,314.49,2150,,,
2024-02-12,600,FEDEX,2-242-82278,86.44,2150,,,
2024-02-12,600,FEDEX,2-242-82278,86.44,2150,,,
2024-04-01,600,FEDEX,2-257-69000,262.04,2150,,,
2024-04-01,600,FEDEX,2-257-69000,262.04,2150,,,
2024-05-13,600,FEDEX,2-271-96319,292.94,2150,,,
2024-05-13,600,FEDEX,2-271-96319,292.94,2150,,,
2024-05-27,600,FEDEX,2-276-36340,325.61,2150,,,
2024-05-27,600,FEDEX,2-276-36340,325.61,2150,,,
2024-05-27,600,FEDEX,2-276-61235,91.90,2150,,,
2024-05-27,600,FEDEX,2-276-61235,91.90,2150,,,
2024-07-08,600,FEDEX,2-289-04616,348.07,2150,,,
2024-07-08,600,FEDEX,2-289-04616,348.07,2150,,,
2024-07-22,600,FEDEX,2-293-33639,389.24,2150,,,
2024-07-22,600,FEDEX,2-293-33639,389.24,2150,,,
2024-09-23,600,FEDEX,9-682-06845,418.83,2150,,,
2024-09-23,600,FEDEX,9-682-06845,418.83,2150,,,
2024-11-01,600,FEDEX,8-669-13885,273.29,2150,,,
2024-11-01,600,FEDEX,8-669-13885,273.29,2150,,,
2024-11-22,600,FEDEX,2567-5989-6,322.04,2150,,,
2024-11-22,600,FEDEX,2567-5989-6,322.04,2150,,,
2024-11-22,600,FEDEX,8-690-43332,48.75,2150,,,
2024-11-22,600,FEDEX,8-690-43332,48.75,2150,,,
2024-12-09,600,FEDEX,2-336-43705,215.93,2150,,,
2024-12-09,600,FEDEX,2-336-43705,215.93,2150,,,
2024-12-09,600,FEDEX,2-336-67701,17.18,2150,,,
2024-12-09,600,FEDEX,2-336-67701,17.18,2150,,,
2024-12-09,600,FEDEX,2567-5989-6,20.76,2150,,,
2024-12-09,600,FEDEX,2567-5989-6,20.76,2150,,,
2024-12-20,600,FEDEX,2-340-82451,39.56,2150,,,
2024-12-20,600,FEDEX,2-340-82451,39.56,2150,,,
2024-12-23,600,FEDEX,2-341-08853,559.07,2150,,,
2024-12-23,600,FEDEX,2-341-08853,559.07,2150,,,
2025-02-07,600,FEDEX,2-355-40280,32.52,2150,,,
2025-02-07,600,FEDEX,2-355-40280,32.52,2150,,,
2025-02-10,600,FEDEX,2-355-62589,1750.61,2150,,,
2025-02-10,600,FEDEX,2-355-62589,1750.61,2150,,,
2025-02-12,600,FEDEX,2-356-80859,25.03,2150,,,
2025-02-12,600,FEDEX,2-356-80859,25.03,2150,,,
2025-02-17,600,FEDEX,2-357-79673,251.79,2150,,,
2025-02-17,600,FEDEX,2-357-79673,251.79,2150,,,
2025-02-19,600,FEDEX,2-358-99701,25.06,2150,,,
2025-02-19,600,FEDEX,2-358-99701,25.06,2150,,,
2025-02-24,600,FEDEX,2-359-94515,281.62,2150,,,
2025-02-24,600,FEDEX,2-359-94515,281.62,2150,,,
2025-02-28,600,FEDEX,8-784-70693,86.44,2150,,,
2025-02-28,600,FEDEX,8-784-70693,86.44,2150,,,
2025-03-07,600,FEDEX,8-791-15550,579.60,2150,,,
2025-03-07,600,FEDEX,8-791-15550,579.60,2150,,,
2025-03-10,600,FEDEX,2-364-39950,992.29,2150,,,
2025-03-10,600,FEDEX,2-364-39950,992.29,2150,,,
2025-03-12,600,FEDEX,2-365-64381,98.55,2150,,,
2025-03-12,600,FEDEX,2-365-64381,98.55,2150,,,
2025-03-13,600,FEDEX,2-366-02731,26.01,2150,,,
2025-03-13,600,FEDEX,2-366-02731,26.01,2150,,,
2025-03-17,600,FEDEX,2-366-66301,378.11,2150,,,
2025-03-17,600,FEDEX,2-366-66301,378.11,2150,,,
2025-03-24,600,FEDEX,2-368-87076,747.77,2150,,,
2025-03-24,600,FEDEX,2-368-87076,747.77,2150,,,
2025-03-27,600,FEDEX,2-370-50220,24.92,2150,,,
2025-03-27,600,FEDEX,2-370-50220,24.92,2150,,,
2025-03-31,600,FEDEX,2-371-09535,1296.06,2150,,,
2025-03-31,600,FEDEX,2-371-09535,1296.06,2150,,,
2025-04-09,600,FEDEX,2-374-44577,62.01,2150,,,
2025-04-09,600,FEDEX,2-374-44577,62.01,2150,,,
2025-04-11,600,FEDEX,2-375-22364,0.97,2150,,,
2025-04-11,600,FEDEX,2-375-22364,0.97,2150,,,
2025-04-14,600,FEDEX,2-375-47751,427.39,2150,,,
2025-04-14,600,FEDEX,2-375-47751,427.39,2150,,,
2025-04-23,600,FEDEX,2-378-71904,0.88,2150,,,
2025-04-23,600,FEDEX,2-378-71904,0.88,2150,,,
2025-05-19,600,FEDEX,2-386-15442,979.36,2150,,,
2025-05-19,600,FEDEX,2-386-15442,979.36,2150,,,
2025-05-19,600,FEDEX,2-386-15442,13.39,2150,,,
2025-05-19,600,FEDEX,2-386-15442,13.39,2150,,,
2025-05-26,600,FEDEX,2-388-43540,430.77,2150,,,
2025-05-26,600,FEDEX,2-388-43540,430.77,2150,,,
2025-06-02,600,FEDEX,2-390-76906,0.97,2150,,,
2025-06-02,600,FEDEX,2-390-76906,0.97,2150,,,
2025-06-23,600,FEDEX,9-697-82271,96.96,2150,,,
2025-06-23,600,FEDEX,9-697-82271,96.96,2150,,,
2025-06-27,600,FEDEX,2-400-02116,0.32,2150,,,
2025-06-27,600,FEDEX,2-400-02116,0.32,2150,,,
2025-06-27,600,FEDEX,8-906-69907,4.79,2150,,,
2025-06-27,600,FEDEX,8-906-69907,4.79,2150,,,
2025-06-30,600,FEDEX,2-400-34790,394.68,2150,,,
2025-06-30,600,FEDEX,2-400-34790,394.68,2150,,,
2025-07-21,600,FEDEX,2-407-14578,547.48,2150,,,
2025-07-21,600,FEDEX,2-407-14578,547.48,2150,,,
2025-07-23,600,FEDEX,2-408-72638,10.13,2150,,,
2025-07-23,600,FEDEX,2-408-72638,10.13,2150,,,
2025-07-28,600,FEDEX,2-409-73249,339.00,2150,,,
2025-07-28,600,FEDEX,2-409-73249,339.00,2150,,,
2025-08-11,600,FEDEX,2-414-56500,401.07,2150,,,
2025-08-11,600,FEDEX,2-414-56500,401.07,2150,,,
2025-08-18,600,FEDEX,2-417-06575,432.84,2150,,,
2025-08-18,600,FEDEX,2-417-06575,432.84,2150,,,
2025-09-18,600,FEDEX,2-429-03206,84.73,2150,,,
2025-09-18,600,FEDEX,2-429-03206,84.73,2150,,,
2025-09-22,600,FEDEX,2-429-76363,273.18,2150,,,
2025-09-22,600,FEDEX,2-429-76363,273.18,2150,,,
2025-10-20,600,FEDEX,2-440-43603,4182.31,2150,,,
2025-10-20,600,FEDEX,2-440-43603,4182.31,2150,,,
2025-11-10,600,FEDEX,2-449-27290,420.68,2150,,,
2025-11-10,600,FEDEX,2-449-27290,420.68,2150,,,
2025-11-13,600,FEDEX,2-451-58070,26.60,2150,,,
2025-11-13,600,FEDEX,2-451-58070,26.60,2150,,,
2025-11-14,600,FEDEX,9-067-77317,17.74,2150,,,
2025-11-14,600,FEDEX,9-067-77317,17.74,2150,,,
2025-11-17,600,FEDEX,2-452-46779,484.60,2150,,,
2025-11-17,600,FEDEX,2-452-46779,484.60,2150,,,
2025-11-20,600,FEDEX,2-454-75133,99.13,2150,,,
2025-11-20,600,FEDEX,2-454-75133,99.13,2150,,,
2025-11-21,600,FEDEX,9-076-06894,19.58,2150,,,
2025-11-21,600,FEDEX,9-076-06894,19.58,2150,,,
2025-11-24,600,FEDEX,2-455-58742,339.68,2150,,,
2025-11-24,600,FEDEX,2-455-58742,339.68,2150,,,
2025-12-15,600,FEDEX,9-709-38007,41.65,2150,,,
2025-12-15,600,FEDEX,9-709-38007,41.65,2150,,,
2025-12-16,600,FEDEX,9-709-46757,2.63,2150,,,
2025-12-16,600,FEDEX,9-709-46757,2.63,2150,,,
2025-12-22,600,FEDEX,9-709-81222,47.98,2150,,,
2025-12-22,600,FEDEX,9-709-81222,47.98,2150,,,
2025-12-23,600,FEDEX,9-709-90118,9.81,2150,,,
2025-12-23,600,FEDEX,9-709-90118,9.81,2150,,,
2025-12-29,600,FEDEX,9-710-27984,33.63,2150,,,
2025-12-29,600,FEDEX,9-710-27984,33.63,2150,,,
2026-01-19,600,FEDEX,2-482-43635,216.79,2150,,,
2026-01-19,600,FEDEX,2-482-43635,216.79,2150,,,
