"TABLE_NAME","COLUMN_NAME","DATA_TYPE","LENGTH","ORDINAL_POSITION"
"OOHEAD","OHCODE","CHAR","3","1"
"OOHEAD","OHCO","NUMERIC","3","2"
"OOHEAD","OHLOC","NUMERIC","2","3"
"OOHEAD","OHORD#","NUMERIC","6","4"
"OOHEAD","OHREL#","NUMERIC","2","5"
"OOHEAD","OHCUST","CHAR","10","6"
"OOHEAD","OHBIL#","CHAR","10","7"
"OOHEAD","OHBIL#OR","CHAR","1","8"
"OOHEAD","OHODAT","DATE","4","9"
"OOHEAD","OHSDAT","DATE","4","10"
"OOHEAD","OHVIA","CHAR","15","11"
"OOHEAD","OHDIV","NUMERIC","2","12"
"OOHEAD","OHPO#","CHAR","22","13"
"OOHEAD","OHREQ#","CHAR","15","14"
"OOHEAD","OHFOB","CHAR","15","15"
"OOHEAD","OHREF#","CHAR","6","16"
"OOHEAD","OHSLSM","NUMERIC","3","17"
"OOHEAD","OHSLSR","NUMERIC","3","18"
"OOHEAD","OHCRPCT","NUMERIC","4","19"
"OOHEAD","OHTAKENBY","CHAR","15","20"
"OOHEAD","OHISREP","NUMERIC","3","21"
"OOHEAD","OHISRATE","NUMERIC","3","22"
"OOHEAD","OHTRCN","NUMERIC","3","23"
"OOHEAD","OHOTYP","CHAR","2","24"
"OOHEAD","OHSQ","CHAR","1","25"
"OOHEAD","OHQUOT","NUMERIC","6","26"
"OOHEAD","OHTR#","NUMERIC","4","27"
"OOHEAD","OHCPO","CHAR","1","28"
"OOHEAD","OHPTIC","CHAR","1","29"
"OOHEAD","OHSPTK","CHAR","1","30"
"OOHEAD","OHPRCO","NUMERIC","3","31"
"OOHEAD","OHPRLO","NUMERIC","2","32"
"OOHEAD","OHPRTR","CHAR","10","33"
"OOHEAD","OHPRT2","CHAR","10","34"
"OOHEAD","OHTICP","CHAR","1","35"
"OOHEAD","OHTTP","NUMERIC","6","36"
"OOHEAD","OHDTP","DATE","4","37"
"OOHEAD","OH#TP","NUMERIC","2","38"
"OOHEAD","OHINVP","CHAR","1","39"
"OOHEAD","OHTIP","NUMERIC","6","40"
"OOHEAD","OHDIP","DATE","4","41"
"OOHEAD","OH#IP","NUMERIC","2","42"
"OOHEAD","OHIDAT","DATE","4","43"
"OOHEAD","OHINV#","CHAR","6","44"
"OOHEAD","OHCRHL","CHAR","1","45"
"OOHEAD","OHSAM1","DECIMAL","7","46"
"OOHEAD","OHSAM2","DECIMAL","7","47"
"OOHEAD","OHSAM3","DECIMAL","7","48"
"OOHEAD","OHSAM4","DECIMAL","7","49"
"OOHEAD","OHSAM5","DECIMAL","7","50"
"OOHEAD","OHSTY1","CHAR","1","51"
"OOHEAD","OHSTY2","CHAR","1","52"
"OOHEAD","OHSTY3","CHAR","1","53"
"OOHEAD","OHSTY4","CHAR","1","54"
"OOHEAD","OHSTY5","CHAR","1","55"
"OOHEAD","OHTERM","CHAR","1","56"
"OOHEAD","OHDDAT","DATE","4","57"
"OOHEAD","OHCOD","CHAR","1","58"
"OOHEAD","OHCASH","CHAR","1","59"
"OOHEAD","OHSTCD","NUMERIC","2","60"
"OOHEAD","OHSTTX","CHAR","1","61"
"OOHEAD","OHSTRATE","DECIMAL","5","62"
"OOHEAD","OHCNCD","NUMERIC","3","63"
"OOHEAD","OHCNTX","CHAR","1","64"
"OOHEAD","OHCNRATE","DECIMAL","5","65"
"OOHEAD","OHCICD","DECIMAL","3","66"
"OOHEAD","OHCITX","CHAR","1","67"
"OOHEAD","OHCIRATE","DECIMAL","5","68"
"OOHEAD","OHLOCALCD1","CHAR","10","69"
"OOHEAD","OHLOCALTX1","CHAR","1","70"
"OOHEAD","OHLOCALRT1","DECIMAL","5","71"
"OOHEAD","OHLOCALCD2","CHAR","10","72"
"OOHEAD","OHLOCALTX2","CHAR","1","73"
"OOHEAD","OHLOCALRT2","DECIMAL","5","74"
"OOHEAD","OHLOCALCD3","CHAR","10","75"
"OOHEAD","OHLOCALTX3","CHAR","1","76"
"OOHEAD","OHLOCALRT3","DECIMAL","5","77"
"OOHEAD","OHLOCALCD4","CHAR","10","78"
"OOHEAD","OHLOCALTX4","CHAR","1","79"
"OOHEAD","OHLOCALRT4","DECIMAL","5","80"
"OOHEAD","OHSTTXBL","DECIMAL","9","81"
"OOHEAD","OHCNTXBL","DECIMAL","9","82"
"OOHEAD","OHCITXBL","DECIMAL","9","83"
"OOHEAD","OHLOCALTB1","DECIMAL","9","84"
"OOHEAD","OHLOCALTB2","DECIMAL","9","85"
"OOHEAD","OHLOCALTB3","DECIMAL","9","86"
"OOHEAD","OHLOCALTB4","DECIMAL","9","87"
"OOHEAD","OHSHPC","CHAR","1","88"
"OOHEAD","OHVIAC","CHAR","1","89"
"OOHEAD","OHROUT","CHAR","5","90"
"OOHEAD","OHCBD","CHAR","1","91"
"OOHEAD","OHPLUS","CHAR","1","92"
"OOHEAD","OHLREL","NUMERIC","2","93"
"OOHEAD","OHCM","CHAR","1","94"
"OOHEAD","OHJOBT","CHAR","2","95"
"OOHEAD","OHBPRC","CHAR","1","96"
"OOHEAD","OHSTSQ","DECIMAL","5","97"
"OOHEAD","OHEMDS","DECIMAL","9","98"
"OOHEAD","OHSPC1","DECIMAL","9","99"
"OOHEAD","OHSPC2","DECIMAL","9","100"
"OOHEAD","OHSPC3","DECIMAL","9","101"
"OOHEAD","OHSPC4","DECIMAL","9","102"
"OOHEAD","OHSPC5","DECIMAL","9","103"
"OOHEAD","OHESTA","DECIMAL","9","104"
"OOHEAD","OHECNA","DECIMAL","9","105"
"OOHEAD","OHECIA","DECIMAL","9","106"
"OOHEAD","OHLOCALTA1","DECIMAL","9","107"
"OOHEAD","OHLOCALTA2","DECIMAL","9","108"
"OOHEAD","OHLOCALTA3","DECIMAL","9","109"
"OOHEAD","OHLOCALTA4","DECIMAL","9","110"
"OOHEAD","OHTOTL","DECIMAL","9","111"
"OOHEAD","OHCOST","DECIMAL","9","112"
"OOHEAD","OHCRAM","DECIMAL","9","113"
"OOHEAD","OHADDA","DECIMAL","9","114"
"OOHEAD","OHSLMA","DECIMAL","9","115"
"OOHEAD","OHMDOR","CHAR","1","116"
"OOHEAD","OHS1OR","CHAR","1","117"
"OOHEAD","OHS2OR","CHAR","1","118"
"OOHEAD","OHS3OR","CHAR","1","119"
"OOHEAD","OHS4OR","CHAR","1","120"
"OOHEAD","OHS5OR","CHAR","1","121"
"OOHEAD","OHSTOR","CHAR","1","122"
"OOHEAD","OHCNOR","CHAR","1","123"
"OOHEAD","OHCIOR","CHAR","1","124"
"OOHEAD","OHLOCALOR1","CHAR","1","125"
"OOHEAD","OHLOCALOR2","CHAR","1","126"
"OOHEAD","OHLOCALOR3","CHAR","1","127"
"OOHEAD","OHLOCALOR4","CHAR","1","128"
"OOHEAD","OHPPPT","CHAR","1","129"
"OOHEAD","OHJOB#","CHAR","10","130"
"OOHEAD","OHJOB","NUMERIC","8","131"
"OOHEAD","OHCONT","CHAR","15","132"
"OOHEAD","OHSTNM","CHAR","25","133"
"OOHEAD","OHSTA1","CHAR","25","134"
"OOHEAD","OHSTA2","CHAR","25","135"
"OOHEAD","OHSTA3","CHAR","25","136"
"OOHEAD","OHZIP","NUMERIC","9","137"
"OOHEAD","OHWSID","CHAR","10","138"
"OOHEAD","OHUSER","CHAR","10","139"
"OOHEAD","OHTIME","NUMERIC","6","140"
"OOHEAD","OHDATE","DATE","4","141"
"OOHEAD","OHBRWS","CHAR","10","142"
"OOHEAD","OHBRUS","CHAR","10","143"
"OOHEAD","OHBRTM","NUMERIC","6","144"
"OOHEAD","OHBRDT","DATE","4","145"
"OOHEAD","OHCRWS","CHAR","10","146"
"OOHEAD","OHCRUS","CHAR","10","147"
"OOHEAD","OHCRTM","NUMERIC","6","148"
"OOHEAD","OHCRDT","DATE","4","149"
"OOHEAD","OHPCOD","CHAR","2","150"
"OOHEAD","OHPRICECUS","CHAR","10","151"
"OOHEAD","OHFUAD","CHAR","1","152"
"OOHEAD","OHCMGR","NUMERIC","2","153"
"OOHEAD","OHBOTL","DECIMAL","9","154"
"OOHEAD","OHCRED","CHAR","2","155"
"OOHEAD","OHSTORE","CHAR","10","156"
"OOHEAD","OHCRTPGM","CHAR","10","157"
"OOHEAD","OHCURCODE","DECIMAL","3","158"
"OOHEAD","OHEXCGRATE","NUMERIC","11","159"
"OOHEAD","OHCLMKEY","DECIMAL","10","160"
"OOHEAD","OHCLM#","CHAR","10","161"
"OOHEAD","OHCLMAMT","DECIMAL","9","162"
"OOHEAD","OHPOSTAL","CHAR","15","163"
"OOHEAD","OHCOUNTRY","CHAR","3","164"
"OOHEAD","OHSTPOSTAL","CHAR","15","165"
"OOHEAD","OHSTCOUNTR","CHAR","3","166"
"OOHEAD","OHPHONE","DECIMAL","10","167"
"OOHEAD","OHCELL#","DECIMAL","10","168"
"OOHEAD","OHORDSRC","CHAR","3","169"
"OOHEAD","OHPODATE","DATE","4","170"
"OOHEAD","OHARCHITEC","CHAR","60","171"
"OOHEAD","OHGENERALC","CHAR","60","172"
"OOHEAD","OHSTRDATE","DATE","4","173"
"OOHEAD","OHENDDATE","DATE","4","174"
"OOHEAD","OHCFNAME","CHAR","20","175"
"OOHEAD","OHCMNAME","CHAR","20","176"
"OOHEAD","OHCLNAME","CHAR","20","177"
"OOHEAD","OHCONTID","NUMERIC","10","178"
"OOHEAD","OHREASCD","CHAR","3","179"
"OOHEAD","OHFLUPDATE","DATE","4","180"
"OOHEAD","OHMINPFT","NUMERIC","4","181"
"OOHEAD","OHCHGOVRP","CHAR","1","182"
"OOHEAD","OHCHGPRCOP","CHAR","1","183"
"OOHEAD","OHMOTYP","CHAR","4","184"
"OOHEAD","OHSTORE2","CHAR","10","185"
"OOHEAD","OHUDF1","CHAR","30","186"
"OOHEAD","OHUDF2","CHAR","25","187"
"OOHEAD","OHUDF3","CHAR","20","188"
"OOHEAD","OHUDF4","CHAR","15","189"
"OOHEAD","OHUDF5","CHAR","15","190"
"OOHEAD","OHGLN","CHAR","13","191"
"OOHEAD","OHSTCONTN","CHAR","25","192"
"OOHEAD","OHSTPHONE","DECIMAL","10","193"
"OOHEAD","OHFOBCODE","CHAR","5","194"
"OOHEAD","OHFOBDESC","CHAR","15","195"
"OOHEAD","OHCCODE","CHAR","2","196"
"OOHEAD","OHMCO","NUMERIC","3","197"
"OOHEAD","OHMLOC","NUMERIC","2","198"
"OOHEAD","OHMANI","DECIMAL","10","199"
"OOHEAD","OHOCO","NUMERIC","3","200"
"OOHEAD","OHOLOC","NUMERIC","2","201"
"OOHEAD","OHRELACCT","CHAR","10","202"
"OOHEAD","OHORDSRCID","CHAR","32","203"
"OOHEAD","OHVIACOR","CHAR","1","204"
"OOHEAD","OHSLSMOR","CHAR","1","205"
"OOHEAD","OHTERMOR","CHAR","1","206"
"OOHEAD","OHROUTOR","CHAR","1","207"
"OOHEAD","OHGUID","CHAR","32","208"
"OOHEAD","OHREFGUID","CHAR","32","209"
"OOHEAD","OHIBATCH","CHAR","6","210"
"OOHEAD","OHJOBNAME","CHAR","80","211"
"OOHEAD","OHJMJTYPE","CHAR","3","212"
"OOHEAD","OHJOBDEAL","CHAR","10","213"
"OOHEAD","OHJLEADSRC","CHAR","3","214"
"OOHEAD","OHCNCLELIG","CHAR","1","215"
"OOHEAD","OHINVAVDTE","DATE","4","216"
"OOHEAD","OHCNCLDATE","DATE","4","217"
"OOHEAD","OHCNCLDTOR","CHAR","1","218"
"OOHEAD","OHMTCODE","CHAR","5","219"
"OOLINE","OLCODE","CHAR","3","1"
"OOLINE","OLCO","NUMERIC","3","2"
"OOLINE","OLLOC","NUMERIC","2","3"
"OOLINE","OLORD#","NUMERIC","6","4"
"OOLINE","OLREL#","NUMERIC","2","5"
"OOLINE","OLSEQ#","NUMERIC","3","6"
"OOLINE","OLCUST","CHAR","10","7"
"OOLINE","OLITEM","CHAR","18","8"
"OOLINE","OLLINE","NUMERIC","7","9"
"OOLINE","OLDESC","CHAR","30","10"
"OOLINE","OLVEND","NUMERIC","6","11"
"OOLINE","OLGL#","DECIMAL","11","12"
"OOLINE","OLPRCD","DECIMAL","5","13"
"OOLINE","OLFMCD","CHAR","2","14"
"OOLINE","OLICO","NUMERIC","3","15"
"OOLINE","OLILOC","NUMERIC","2","16"
"OOLINE","OLQORD","DECIMAL","9","17"
"OOLINE","OLQSHP","DECIMAL","9","18"
"OOLINE","OLQBO","DECIMAL","9","19"
"OOLINE","OLUM1","CHAR","4","20"
"OOLINE","OLMD","CHAR","1","21"
"OOLINE","OLFACT","DECIMAL","10","22"
"OOLINE","OLBLUO","DECIMAL","12","23"
"OOLINE","OLBLUS","DECIMAL","12","24"
"OOLINE","OLBLUB","DECIMAL","12","25"
"OOLINE","OLUM2","CHAR","4","26"
"OOLINE","OLCONV","CHAR","1","27"
"OOLINE","OLPRIC","DECIMAL","11","28"
"OOLINE","OLPOR","CHAR","1","29"
"OOLINE","OLVDPR","CHAR","1","30"
"OOLINE","OLPGPR","CHAR","1","31"
"OOLINE","OLSPRC","CHAR","1","32"
"OOLINE","OLNC","CHAR","1","33"
"OOLINE","OLCOST","DECIMAL","11","34"
"OOLINE","OLCOR","CHAR","1","35"
"OOLINE","OLSAM1","DECIMAL","7","36"
"OOLINE","OLSAM2","DECIMAL","7","37"
"OOLINE","OLSAM3","DECIMAL","7","38"
"OOLINE","OLSAM4","DECIMAL","7","39"
"OOLINE","OLSAM5","DECIMAL","7","40"
"OOLINE","OLSCS1","DECIMAL","7","41"
"OOLINE","OLSCS2","DECIMAL","7","42"
"OOLINE","OLSCS3","DECIMAL","7","43"
"OOLINE","OLSCS4","DECIMAL","7","44"
"OOLINE","OLSCS5","DECIMAL","7","45"
"OOLINE","OLSTY1","CHAR","1","46"
"OOLINE","OLSTY2","CHAR","1","47"
"OOLINE","OLSTY3","CHAR","1","48"
"OOLINE","OLSTY4","CHAR","1","49"
"OOLINE","OLSTY5","CHAR","1","50"
"OOLINE","OLBYP","CHAR","1","51"
"OOLINE","OLDIRS","CHAR","1","52"
"OOLINE","OLTAX","CHAR","1","53"
"OOLINE","OLIDKY","CHAR","10","54"
"OOLINE","OLRECNBR","NUMERIC","10","55"
"OOLINE","OLINVCAT","CHAR","3","56"
"OOLINE","OLBUYR","CHAR","3","57"
"OOLINE","OLBINL","CHAR","5","58"
"OOLINE","OLBOA","DECIMAL","9","59"
"OOLINE","OLBOS","DECIMAL","9","60"
"OOLINE","OLTERM","CHAR","1","61"
"OOLINE","OLSLMN","DECIMAL","3","62"
"OOLINE","OLSLSR","NUMERIC","3","63"
"OOLINE","OLCRPCT","NUMERIC","4","64"
"OOLINE","OLISREP","NUMERIC","3","65"
"OOLINE","OLISRATE","NUMERIC","3","66"
"OOLINE","OLS1OR","CHAR","1","67"
"OOLINE","OLS2OR","CHAR","1","68"
"OOLINE","OLS3OR","CHAR","1","69"
"OOLINE","OLS4OR","CHAR","1","70"
"OOLINE","OLS5OR","CHAR","1","71"
"OOLINE","OLC1OR","CHAR","1","72"
"OOLINE","OLC2OR","CHAR","1","73"
"OOLINE","OLC3OR","CHAR","1","74"
"OOLINE","OLC4OR","CHAR","1","75"
"OOLINE","OLC5OR","CHAR","1","76"
"OOLINE","OLCUT","CHAR","1","77"
"OOLINE","OLFCRG","CHAR","1","78"
"OOLINE","OLRBAL","DECIMAL","9","79"
"OOLINE","OLSITM","CHAR","1","80"
"OOLINE","OLSPEC","CHAR","1","81"
"OOLINE","OLINVU","CHAR","1","82"
"OOLINE","OLEPRC","DECIMAL","9","83"
"OOLINE","OLESP1","DECIMAL","9","84"
"OOLINE","OLESP2","DECIMAL","9","85"
"OOLINE","OLESP3","DECIMAL","9","86"
"OOLINE","OLESP4","DECIMAL","9","87"
"OOLINE","OLESP5","DECIMAL","9","88"
"OOLINE","OLENET","DECIMAL","9","89"
"OOLINE","OLECST","DECIMAL","9","90"
"OOLINE","OLESC1","DECIMAL","9","91"
"OOLINE","OLESC2","DECIMAL","9","92"
"OOLINE","OLESC3","DECIMAL","9","93"
"OOLINE","OLESC4","DECIMAL","9","94"
"OOLINE","OLESC5","DECIMAL","9","95"
"OOLINE","OLENCS","DECIMAL","9","96"
"OOLINE","OLCOMC","DECIMAL","11","97"
"OOLINE","OLPROG","CHAR","5","98"
"OOLINE","OLSRL1","CHAR","10","99"
"OOLINE","OLSRL2","CHAR","10","100"
"OOLINE","OLSRL3","CHAR","10","101"
"OOLINE","OLSRL4","CHAR","10","102"
"OOLINE","OLSRL5","CHAR","10","103"
"OOLINE","OLSRL6","CHAR","10","104"
"OOLINE","OLSRL7","CHAR","10","105"
"OOLINE","OLSRL8","CHAR","10","106"
"OOLINE","OLSRL9","CHAR","10","107"
"OOLINE","OLSRL0","CHAR","10","108"
"OOLINE","OLDOR","DATE","4","109"
"OOLINE","OLPSEQ","DECIMAL","3","110"
"OOLINE","OLWDTH","DECIMAL","3","111"
"OOLINE","OLLGTH","DECIMAL","3","112"
"OOLINE","OLCFWD","DECIMAL","3","113"
"OOLINE","OLCFLN","DECIMAL","3","114"
"OOLINE","OLCFQT","DECIMAL","9","115"
"OOLINE","OLDIV","NUMERIC","2","116"
"OOLINE","OLIITM","CHAR","18","117"
"OOLINE","OLOQOR","DECIMAL","9","118"
"OOLINE","OLOUM","CHAR","1","119"
"OOLINE","OLMD2","CHAR","1","120"
"OOLINE","OLFAC2","DECIMAL","10","121"
"OOLINE","OLTUCP","DECIMAL","9","122"
"OOLINE","OLTPOR","CHAR","1","123"
"OOLINE","OLTUCC","DECIMAL","9","124"
"OOLINE","OLTCOR","CHAR","1","125"
"OOLINE","OLTPNT","DECIMAL","9","126"
"OOLINE","OLPNOR","CHAR","1","127"
"OOLINE","OLTPGM","CHAR","5","128"
"OOLINE","OLBO","CHAR","1","129"
"OOLINE","OLDATE","DATE","4","130"
"OOLINE","OLGRP","CHAR","18","131"
"OOLINE","OLQT#","NUMERIC","6","132"
"OOLINE","OLQTSQ","DECIMAL","3","133"
"OOLINE","OLCLM#","CHAR","10","134"
"OOLINE","OLHST#","DECIMAL","5","135"
"OOLINE","OLTADD","DECIMAL","9","136"
"OOLINE","OLOTYP","CHAR","2","137"
"OOLINE","OLLCCT","CHAR","2","138"
"OOLINE","OLPCRS","CHAR","2","139"
"OOLINE","OLPORANAME","CHAR","25","140"
"OOLINE","OLPCCOMT","CHAR","30","141"
"OOLINE","OLORIGPRIC","DECIMAL","11","142"
"OOLINE","OLSHP#","CHAR","30","143"
"OOLINE","OLBOTL","DECIMAL","9","144"
"OOLINE","OLMQTY","DECIMAL","7","145"
"OOLINE","OLCMRS","CHAR","2","146"
"OOLINE","OLXPAL","DECIMAL","9","147"
"OOLINE","OLROUT","CHAR","5","148"
"OOLINE","OLDROP","CHAR","5","149"
"OOLINE","OLSCTN","CHAR","5","150"
"OOLINE","OLSDAT","DATE","4","151"
"OOLINE","OLSTGD","DATE","4","152"
"OOLINE","OLXBYP","CHAR","1","153"
"OOLINE","OLTDAT","DATE","4","154"
"OOLINE","OLXSYP","CHAR","1","155"
"OOLINE","OLLODC","CHAR","5","156"
"OOLINE","OLDYLT","CHAR","10","157"
"OOLINE","OLDYLTOR","CHAR","1","158"
"OOLINE","OLSERLOR","CHAR","1","159"
"OOLINE","OLMATCH","CHAR","1","160"
"OOLINE","OLMUSTINCL","CHAR","1","161"
"OOLINE","OLGL#OR","CHAR","1","162"
"OOLINE","OLCOGSGL","DECIMAL","11","163"
"OOLINE","OLCOGSGLOR","CHAR","1","164"
"OOLINE","OLINVGL","DECIMAL","11","165"
"OOLINE","OLINVGLOR","CHAR","1","166"
"OOLINE","OLSPCBUY","CHAR","1","167"
"OOLINE","OLPRCLIST","CHAR","10","168"
"OOLINE","OLPROMOCD","CHAR","1","169"
"OOLINE","OLPROMO#","CHAR","15","170"
"OOLINE","OLSTATUS","CHAR","1","171"
"OOLINE","OLCLAS","CHAR","2","172"
"OOLINE","OLCLS#","NUMERIC","5","173"
"OOLINE","OLSPIFFVND","NUMERIC","6","174"
"OOLINE","OLSPIFFAMT","DECIMAL","9","175"
"OOLINE","OLSPIFFCDE","CHAR","1","176"
"OOLINE","OLINVSELEC","CHAR","10","177"
"OOLINE","OLEXTUCP","DECIMAL","9","178"
"OOLINE","OLEXTUCC","DECIMAL","9","179"
"OOLINE","OLEXTPNT","DECIMAL","9","180"
"OOLINE","OLEXLDAMT","DECIMAL","9","181"
"OOLINE","OLEXLDCOST","DECIMAL","9","182"
"OOLINE","OLEXLDPNT","DECIMAL","9","183"
"OOLINE","OLETUCPALL","DECIMAL","9","184"
"OOLINE","OLETUCCALL","DECIMAL","9","185"
"OOLINE","OLETPNTALL","DECIMAL","9","186"
"OOLINE","OLVITM","CHAR","18","187"
"OOLINE","OLCITM","CHAR","18","188"
"OOLINE","OLCDESC","CHAR","30","189"
"OOLINE","OLCUM","CHAR","4","190"
"OOLINE","OLCMD","CHAR","1","191"
"OOLINE","OLCFACT","DECIMAL","15","192"
"OOLINE","OLPCUM","CHAR","4","193"
"OOLINE","OLPCMD","CHAR","1","194"
"OOLINE","OLPCFACT","DECIMAL","15","195"
"OOLINE","OLREBCUST","CHAR","10","196"
"OOLINE","OLREBBASE","DECIMAL","9","197"
"OOLINE","OLWHICHBAS","CHAR","1","198"
"OOLINE","OLREBBASCD","CHAR","1","199"
"OOLINE","OLREBTGT","DECIMAL","9","200"
"OOLINE","OLWHICHTGT","CHAR","1","201"
"OOLINE","OLREBTGTCD","CHAR","1","202"
"OOLINE","OLWGHT","NUMERIC","7","203"
"OOLINE","OLWUMC","CHAR","1","204"
"OOLINE","OLCUBE","NUMERIC","7","205"
"OOLINE","OLCUMC","CHAR","1","206"
"OOLINE","OLGPMCODE","CHAR","10","207"
"OOLINE","OLEWSID","CHAR","10","208"
"OOLINE","OLEUSER","CHAR","10","209"
"OOLINE","OLETIME","NUMERIC","6","210"
"OOLINE","OLEDATE","DATE","4","211"
"OOLINE","OLSTTXBLA","DECIMAL","9","212"
"OOLINE","OLCNTXBLA","DECIMAL","9","213"
"OOLINE","OLCITXBLA","DECIMAL","9","214"
"OOLINE","OLJOB","NUMERIC","8","215"
"OOLINE","OLMINPFT","NUMERIC","4","216"
"OOLINE","OLCHGOVRP","CHAR","1","217"
"OOLINE","OLCHGPRCOP","CHAR","1","218"
"OOLINE","OLSTORE","CHAR","10","219"
"OOLINE","OLNETPRICE","DECIMAL","11","220"
"OOLINE","OLUPCWK","CHAR","48","221"
"OOLINE","OLXBYRSKU","CHAR","48","222"
"OOLINE","OLUDF1","CHAR","20","223"
"OOLINE","OLUDF2","CHAR","20","224"
"OOLINE","OLUDF3","CHAR","20","225"
"OOLINE","OLCUSTCON","CHAR","10","226"
"OOLINE","OLROUTCON","CHAR","5","227"
"OOLINE","OLSDSFLAG","CHAR","1","228"
"OOLINE","OLOCO","NUMERIC","3","229"
"OOLINE","OLOLOC","NUMERIC","2","230"
"OOLINE","OLOORD#","NUMERIC","6","231"
"OOLINE","OLOREL#","NUMERIC","2","232"
"OOLINE","OLOSEQ#","NUMERIC","3","233"
"OOLINE","OLBOL#","NUMERIC","7","234"
"OOLINE","OLTRLR#","CHAR","5","235"
"OOLINE","OLRFACCESS","DECIMAL","9","236"
"OOLINE","OLSLMNOR","CHAR","1","237"
"OOLINE","OLTERMOR","CHAR","1","238"
"OOLINE","OLAGENTSLS","CHAR","1","239"
"OOLINE","OLAGBPRICE","NUMERIC","11","240"
"OOLINE","OLAGBCOMM","NUMERIC","6","241"
"OOLINE","OLAGAPRICE","NUMERIC","11","242"
"OOLINE","OLAGACOMM","NUMERIC","6","243"
"OOLINE","OLGUID","CHAR","32","244"
"OOLINE","OLPRICFILE","CHAR","10","245"
"OOLINE","OLPRICGUID","CHAR","32","246"
"OOLINE","OLPRICEFOR","CHAR","32","247"
"OOLINE","OLPCOD","CHAR","2","248"
"OOLINE","OLIBATCH","CHAR","6","249"
"OOLINE","OLCONSGUID","CHAR","32","250"
"OOLINE","OLINVAVDTE","DATE","4","251"
"OOLINE","OLSELLTYPE","CHAR","3","252"
"OOTEXT","OTCODE","CHAR","3","1"
"OOTEXT","OTCO","NUMERIC","3","2"
"OOTEXT","OTLOC","NUMERIC","2","3"
"OOTEXT","OTORD#","NUMERIC","6","4"
"OOTEXT","OTREL#","NUMERIC","2","5"
"OOTEXT","OTSEQ#","NUMERIC","3","6"
"OOTEXT","OTTSEQ","NUMERIC","3","7"
"OOTEXT","OTCUST","CHAR","10","8"
"OOTEXT","OTCMT1","CHAR","60","9"
"OOTEXT","OTCMT2","CHAR","60","10"
"OOTEXT","OTICL1","CHAR","1","11"
"OOTEXT","OTICL2","CHAR","1","12"
"OOTEXT","#00601","CHAR","6","13"
"OOTEXT","OTIBATCH","CHAR","6","14"
"OOTEXT","OTFORMS1","CHAR","30","15"
"OOTEXT","OTFORMS2","CHAR","30","16"
"OOTEXT","OTWSID","CHAR","10","17"
"OOTEXT","OTUSER","CHAR","10","18"
"OOTEXT","OTTIME","NUMERIC","6","19"
"OOTEXT","OTDATE","DATE","4","20"
"OOTEXT","OTWSID2","CHAR","10","21"
"OOTEXT","OTUSER2","CHAR","10","22"
"OOTEXT","OTTIME2","NUMERIC","6","23"
"OOTEXT","OTDATE2","DATE","4","24"
"SHHEAD","SHCODE","CHAR","3","1"
"SHHEAD","SHCO","NUMERIC","3","2"
"SHHEAD","SHLOC","NUMERIC","2","3"
"SHHEAD","SHORD#","NUMERIC","6","4"
"SHHEAD","SHREL#","NUMERIC","2","5"
"SHHEAD","SHCUST","CHAR","10","6"
"SHHEAD","SHBIL#","CHAR","10","7"
"SHHEAD","SHBIL#OR","CHAR","1","8"
"SHHEAD","SHODAT","DATE","4","9"
"SHHEAD","SHSDAT","DATE","4","10"
"SHHEAD","SHVIA","CHAR","15","11"
"SHHEAD","SHDIV","NUMERIC","2","12"
"SHHEAD","SHPO#","CHAR","22","13"
"SHHEAD","SHREQ#","CHAR","15","14"
"SHHEAD","SHFOB","CHAR","15","15"
"SHHEAD","SHREF#","CHAR","6","16"
"SHHEAD","SHSLSM","NUMERIC","3","17"
"SHHEAD","SHSLSR","NUMERIC","3","18"
"SHHEAD","SHCRPCT","NUMERIC","4","19"
"SHHEAD","SHTAKENBY","CHAR","15","20"
"SHHEAD","SHISREP","NUMERIC","3","21"
"SHHEAD","SHISRATE","NUMERIC","3","22"
"SHHEAD","SHTRCN","NUMERIC","3","23"
"SHHEAD","SHOTYP","CHAR","2","24"
"SHHEAD","SHSQ","CHAR","1","25"
"SHHEAD","SHQUOT","NUMERIC","6","26"
"SHHEAD","SHTR#","NUMERIC","4","27"
"SHHEAD","SHCPO","CHAR","1","28"
"SHHEAD","SHPTIC","CHAR","1","29"
"SHHEAD","SHSPTK","CHAR","1","30"
"SHHEAD","SHPRCO","NUMERIC","3","31"
"SHHEAD","SHPRLO","NUMERIC","2","32"
"SHHEAD","SHPRTR","CHAR","10","33"
"SHHEAD","SHPRT2","CHAR","10","34"
"SHHEAD","SHTICP","CHAR","1","35"
"SHHEAD","SHTTP","NUMERIC","6","36"
"SHHEAD","SHDTP","DATE","4","37"
"SHHEAD","SH#TP","NUMERIC","2","38"
"SHHEAD","SHINVP","CHAR","1","39"
"SHHEAD","SHTIP","NUMERIC","6","40"
"SHHEAD","SHDIP","DATE","4","41"
"SHHEAD","SH#IP","NUMERIC","2","42"
"SHHEAD","SHIDAT","DATE","4","43"
"SHHEAD","SHINV#","CHAR","6","44"
"SHHEAD","SHCRHL","CHAR","1","45"
"SHHEAD","SHSAM1","DECIMAL","7","46"
"SHHEAD","SHSAM2","DECIMAL","7","47"
"SHHEAD","SHSAM3","DECIMAL","7","48"
"SHHEAD","SHSAM4","DECIMAL","7","49"
"SHHEAD","SHSAM5","DECIMAL","7","50"
"SHHEAD","SHSTY1","CHAR","1","51"
"SHHEAD","SHSTY2","CHAR","1","52"
"SHHEAD","SHSTY3","CHAR","1","53"
"SHHEAD","SHSTY4","CHAR","1","54"
"SHHEAD","SHSTY5","CHAR","1","55"
"SHHEAD","SHTERM","CHAR","1","56"
"SHHEAD","SHDDAT","DATE","4","57"
"SHHEAD","SHCOD","CHAR","1","58"
"SHHEAD","SHCASH","CHAR","1","59"
"SHHEAD","SHSTCD","NUMERIC","2","60"
"SHHEAD","SHSTTX","CHAR","1","61"
"SHHEAD","SHSTRATE","DECIMAL","5","62"
"SHHEAD","SHCNCD","NUMERIC","3","63"
"SHHEAD","SHCNTX","CHAR","1","64"
"SHHEAD","SHCNRATE","DECIMAL","5","65"
"SHHEAD","SHCICD","DECIMAL","3","66"
"SHHEAD","SHCITX","CHAR","1","67"
"SHHEAD","SHCIRATE","DECIMAL","5","68"
"SHHEAD","SHLOCALCD1","CHAR","10","69"
"SHHEAD","SHLOCALTX1","CHAR","1","70"
"SHHEAD","SHLOCALRT1","DECIMAL","5","71"
"SHHEAD","SHLOCALCD2","CHAR","10","72"
"SHHEAD","SHLOCALTX2","CHAR","1","73"
"SHHEAD","SHLOCALRT2","DECIMAL","5","74"
"SHHEAD","SHLOCALCD3","CHAR","10","75"
"SHHEAD","SHLOCALTX3","CHAR","1","76"
"SHHEAD","SHLOCALRT3","DECIMAL","5","77"
"SHHEAD","SHLOCALCD4","CHAR","10","78"
"SHHEAD","SHLOCALTX4","CHAR","1","79"
"SHHEAD","SHLOCALRT4","DECIMAL","5","80"
"SHHEAD","SHSTTXBL","DECIMAL","9","81"
"SHHEAD","SHCNTXBL","DECIMAL","9","82"
"SHHEAD","SHCITXBL","DECIMAL","9","83"
"SHHEAD","SHLOCALTB1","DECIMAL","9","84"
"SHHEAD","SHLOCALTB2","DECIMAL","9","85"
"SHHEAD","SHLOCALTB3","DECIMAL","9","86"
"SHHEAD","SHLOCALTB4","DECIMAL","9","87"
"SHHEAD","SHSHPC","CHAR","1","88"
"SHHEAD","SHVIAC","CHAR","1","89"
"SHHEAD","SHROUT","CHAR","5","90"
"SHHEAD","SHCBD","CHAR","1","91"
"SHHEAD","SHPLUS","CHAR","1","92"
"SHHEAD","SHFLR1","CHAR","2","93"
"SHHEAD","SHCM","CHAR","1","94"
"SHHEAD","SHJOBT","CHAR","2","95"
"SHHEAD","SHBPRC","CHAR","1","96"
"SHHEAD","SHSTSQ","DECIMAL","5","97"
"SHHEAD","SHEMDS","DECIMAL","9","98"
"SHHEAD","SHSPC1","DECIMAL","9","99"
"SHHEAD","SHSPC2","DECIMAL","9","100"
"SHHEAD","SHSPC3","DECIMAL","9","101"
"SHHEAD","SHSPC4","DECIMAL","9","102"
"SHHEAD","SHSPC5","DECIMAL","9","103"
"SHHEAD","SHESTA","DECIMAL","9","104"
"SHHEAD","SHECNA","DECIMAL","9","105"
"SHHEAD","SHECIA","DECIMAL","9","106"
"SHHEAD","SHLOCALTA1","DECIMAL","9","107"
"SHHEAD","SHLOCALTA2","DECIMAL","9","108"
"SHHEAD","SHLOCALTA3","DECIMAL","9","109"
"SHHEAD","SHLOCALTA4","DECIMAL","9","110"
"SHHEAD","INVOICE_TOTAL","DECIMAL","9","111"
"SHHEAD","SHCOST","DECIMAL","9","112"
"SHHEAD","SHCRAM","DECIMAL","9","113"
"SHHEAD","SHADDA","DECIMAL","9","114"
"SHHEAD","SHSLMA","DECIMAL","9","115"
"SHHEAD","SHMDOR","CHAR","1","116"
"SHHEAD","SHS1OR","CHAR","1","117"
"SHHEAD","SHS2OR","CHAR","1","118"
"SHHEAD","SHS3OR","CHAR","1","119"
"SHHEAD","SHS4OR","CHAR","1","120"
"SHHEAD","SHS5OR","CHAR","1","121"
"SHHEAD","SHSTOR","CHAR","1","122"
"SHHEAD","SHCNOR","CHAR","1","123"
"SHHEAD","SHCIOR","CHAR","1","124"
"SHHEAD","SHLOCALOR1","CHAR","1","125"
"SHHEAD","SHLOCALOR2","CHAR","1","126"
"SHHEAD","SHLOCALOR3","CHAR","1","127"
"SHHEAD","SHLOCALOR4","CHAR","1","128"
"SHHEAD","SHPPPT","CHAR","1","129"
"SHHEAD","SHPAID","DECIMAL","9","130"
"SHHEAD","SHPDAT","DATE","4","131"
"SHHEAD","SHFLR2","CHAR","4","132"
"SHHEAD","SHBAT#","NUMERIC","6","133"
"SHHEAD","SHPEMO","NUMERIC","2","134"
"SHHEAD","SHPEYR","NUMERIC","4","135"
"SHHEAD","SHSTNM","CHAR","25","136"
"SHHEAD","SHSTA1","CHAR","25","137"
"SHHEAD","SHSTA2","CHAR","25","138"
"SHHEAD","SHSTA3","CHAR","25","139"
"SHHEAD","SHZIP","NUMERIC","9","140"
"SHHEAD","SHWSID","CHAR","10","141"
"SHHEAD","SHUSER","CHAR","10","142"
"SHHEAD","SHTIME","NUMERIC","6","143"
"SHHEAD","SHDATE","DATE","4","144"
"SHHEAD","SHBRWS","CHAR","10","145"
"SHHEAD","SHBRUS","CHAR","10","146"
"SHHEAD","SHBRTM","NUMERIC","6","147"
"SHHEAD","SHBRDT","DATE","4","148"
"SHHEAD","SHCRWS","CHAR","10","149"
"SHHEAD","SHCRUS","CHAR","10","150"
"SHHEAD","SHCRTM","NUMERIC","6","151"
"SHHEAD","SHCRDT","DATE","4","152"
"SHHEAD","SHPCOD","CHAR","2","153"
"SHHEAD","SHPRICECUS","CHAR","10","154"
"SHHEAD","SHJOB#","CHAR","10","155"
"SHHEAD","SHJOB","NUMERIC","8","156"
"SHHEAD","SHCONT","CHAR","15","157"
"SHHEAD","SHCRED","CHAR","2","158"
"SHHEAD","SHSTORE","CHAR","10","159"
"SHHEAD","SHCRTPGM","CHAR","10","160"
"SHHEAD","SHCURCODE","DECIMAL","3","161"
"SHHEAD","SHEXCGRATE","NUMERIC","11","162"
"SHHEAD","SHCLMKEY","DECIMAL","10","163"
"SHHEAD","SHCLM#","CHAR","10","164"
"SHHEAD","SHCLMAMT","DECIMAL","9","165"
"SHHEAD","SHPOSTAL","CHAR","15","166"
"SHHEAD","SHCOUNTRY","CHAR","3","167"
"SHHEAD","SHSTPOSTAL","CHAR","15","168"
"SHHEAD","SHSTCOUNTR","CHAR","3","169"
"SHHEAD","SHPHONE","DECIMAL","10","170"
"SHHEAD","SHCELL#","DECIMAL","10","171"
"SHHEAD","SHORDSRC","CHAR","3","172"
"SHHEAD","SHPODATE","DATE","4","173"
"SHHEAD","SHARCHITEC","CHAR","60","174"
"SHHEAD","SHGENERALC","CHAR","60","175"
"SHHEAD","SHSTRDATE","DATE","4","176"
"SHHEAD","SHENDDATE","DATE","4","177"
"SHHEAD","SHCFNAME","CHAR","20","178"
"SHHEAD","SHCMNAME","CHAR","20","179"
"SHHEAD","SHCLNAME","CHAR","20","180"
"SHHEAD","SHCONTID","NUMERIC","10","181"
"SHHEAD","SHREASCD","CHAR","3","182"
"SHHEAD","SHFLUPDATE","DATE","4","183"
"SHHEAD","SHMINPFT","NUMERIC","4","184"
"SHHEAD","SHCHGOVRP","CHAR","1","185"
"SHHEAD","SHCHGPRCOP","CHAR","1","186"
"SHHEAD","SHMOTYP","CHAR","4","187"
"SHHEAD","SHSTORE2","CHAR","10","188"
"SHHEAD","SHUDF1","CHAR","30","189"
"SHHEAD","SHUDF2","CHAR","25","190"
"SHHEAD","SHUDF3","CHAR","20","191"
"SHHEAD","SHUDF4","CHAR","15","192"
"SHHEAD","SHUDF5","CHAR","15","193"
"SHHEAD","SHGLN","CHAR","13","194"
"SHHEAD","SHSTCONTN","CHAR","25","195"
"SHHEAD","SHSTPHONE","DECIMAL","10","196"
"SHHEAD","SHFOBCODE","CHAR","5","197"
"SHHEAD","SHFOBDESC","CHAR","15","198"
"SHHEAD","SHCCODE","CHAR","2","199"
"SHHEAD","SHMCO","NUMERIC","3","200"
"SHHEAD","SHMLOC","NUMERIC","2","201"
"SHHEAD","SHMANI","DECIMAL","10","202"
"SHHEAD","SHOCO","NUMERIC","3","203"
"SHHEAD","SHOLOC","NUMERIC","2","204"
"SHHEAD","SHCOMMDATE","DATE","4","205"
"SHHEAD","SHCOMPDATE","DATE","4","206"
"SHHEAD","SHRELACCT","CHAR","10","207"
"SHHEAD","SHORDSRCID","CHAR","32","208"
"SHHEAD","SHDELDATE","DATE","4","209"
"SHHEAD","SHDELTIME","NUMERIC","6","210"
"SHHEAD","SHVIACOR","CHAR","1","211"
"SHHEAD","SHSLSMOR","CHAR","1","212"
"SHHEAD","SHTERMOR","CHAR","1","213"
"SHHEAD","SHROUTOR","CHAR","1","214"
"SHHEAD","SHGUID","CHAR","32","215"
"SHHEAD","SHREFGUID","CHAR","32","216"
"SHHEAD","SHJOBNAME","CHAR","80","217"
"SHHEAD","SHJMJTYPE","CHAR","3","218"
"SHHEAD","SHJOBDEAL","CHAR","10","219"
"SHHEAD","SHJLEADSRC","CHAR","3","220"
"SHHEAD","SHMTCODE","CHAR","5","221"
"SHLINE","SLCODE","CHAR","3","1"
"SHLINE","SLCO","NUMERIC","3","2"
"SHLINE","SLLOC","NUMERIC","2","3"
"SHLINE","SLORD#","NUMERIC","6","4"
"SHLINE","SLREL#","NUMERIC","2","5"
"SHLINE","SLSEQ#","NUMERIC","3","6"
"SHLINE","SLCUST","CHAR","10","7"
"SHLINE","SLITEM","CHAR","18","8"
"SHLINE","SLLINE","NUMERIC","7","9"
"SHLINE","SLDESC","CHAR","30","10"
"SHLINE","SLVEND","NUMERIC","6","11"
"SHLINE","SLGL#","DECIMAL","11","12"
"SHLINE","SLPRCD","DECIMAL","5","13"
"SHLINE","SLFMCD","CHAR","2","14"
"SHLINE","SLICO","NUMERIC","3","15"
"SHLINE","SLILOC","NUMERIC","2","16"
"SHLINE","SLQORD","DECIMAL","9","17"
"SHLINE","SLQSHP","DECIMAL","9","18"
"SHLINE","SLQBO","DECIMAL","9","19"
"SHLINE","SLUM1","CHAR","4","20"
"SHLINE","SLMD","CHAR","1","21"
"SHLINE","SLFACT","DECIMAL","10","22"
"SHLINE","SLBLUO","DECIMAL","12","23"
"SHLINE","SLBLUS","DECIMAL","12","24"
"SHLINE","SLBLUB","DECIMAL","12","25"
"SHLINE","SLUM2","CHAR","4","26"
"SHLINE","SLCONV","CHAR","1","27"
"SHLINE","SLPRIC","DECIMAL","11","28"
"SHLINE","SLPOR","CHAR","1","29"
"SHLINE","SLVDPR","CHAR","1","30"
"SHLINE","SLPGPR","CHAR","1","31"
"SHLINE","SLSPRC","CHAR","1","32"
"SHLINE","SLNC","CHAR","1","33"
"SHLINE","SLCOST","DECIMAL","11","34"
"SHLINE","SLCOR","CHAR","1","35"
"SHLINE","SLSAM1","DECIMAL","7","36"
"SHLINE","SLSAM2","DECIMAL","7","37"
"SHLINE","SLSAM3","DECIMAL","7","38"
"SHLINE","SLSAM4","DECIMAL","7","39"
"SHLINE","SLSAM5","DECIMAL","7","40"
"SHLINE","SLSCS1","DECIMAL","7","41"
"SHLINE","SLSCS2","DECIMAL","7","42"
"SHLINE","SLSCS3","DECIMAL","7","43"
"SHLINE","SLSCS4","DECIMAL","7","44"
"SHLINE","SLSCS5","DECIMAL","7","45"
"SHLINE","SLSTY1","CHAR","1","46"
"SHLINE","SLSTY2","CHAR","1","47"
"SHLINE","SLSTY3","CHAR","1","48"
"SHLINE","SLSTY4","CHAR","1","49"
"SHLINE","SLSTY5","CHAR","1","50"
"SHLINE","SLBYP","CHAR","1","51"
"SHLINE","SLDIRS","CHAR","1","52"
"SHLINE","SLTAX","CHAR","1","53"
"SHLINE","SLIDKY","CHAR","10","54"
"SHLINE","SLRECNBR","NUMERIC","10","55"
"SHLINE","SLINVCAT","CHAR","3","56"
"SHLINE","SLBUYR","CHAR","3","57"
"SHLINE","SLBINL","CHAR","5","58"
"SHLINE","SLBOA","DECIMAL","9","59"
"SHLINE","SLBOS","DECIMAL","9","60"
"SHLINE","SLTERM","CHAR","1","61"
"SHLINE","SLSLMN","NUMERIC","3","62"
"SHLINE","SLSLSR","NUMERIC","3","63"
"SHLINE","SLCRPCT","NUMERIC","4","64"
"SHLINE","SLSLMNPLAN","CHAR","1","65"
"SHLINE","SLECOMM","DECIMAL","9","66"
"SHLINE","SLISREP","NUMERIC","3","67"
"SHLINE","SLISRATE","NUMERIC","3","68"
"SHLINE","SLISPLAN","CHAR","1","69"
"SHLINE","SLISECOMM","DECIMAL","9","70"
"SHLINE","SLS1OR","CHAR","1","71"
"SHLINE","SLS2OR","CHAR","1","72"
"SHLINE","SLS3OR","CHAR","1","73"
"SHLINE","SLS4OR","CHAR","1","74"
"SHLINE","SLS5OR","CHAR","1","75"
"SHLINE","SLC1OR","CHAR","1","76"
"SHLINE","SLC2OR","CHAR","1","77"
"SHLINE","SLC3OR","CHAR","1","78"
"SHLINE","SLC4OR","CHAR","1","79"
"SHLINE","SLC5OR","CHAR","1","80"
"SHLINE","SLCUT","CHAR","1","81"
"SHLINE","SLFCRG","CHAR","1","82"
"SHLINE","SLRBAL","DECIMAL","9","83"
"SHLINE","SLSITM","CHAR","1","84"
"SHLINE","SLSPEC","CHAR","1","85"
"SHLINE","SLINVU","CHAR","1","86"
"SHLINE","SLFLR1","CHAR","2","87"
"SHLINE","SLEPRC","DECIMAL","9","88"
"SHLINE","SLESP1","DECIMAL","9","89"
"SHLINE","SLESP2","DECIMAL","9","90"
"SHLINE","SLESP3","DECIMAL","9","91"
"SHLINE","SLESP4","DECIMAL","9","92"
"SHLINE","SLESP5","DECIMAL","9","93"
"SHLINE","SLENET","DECIMAL","9","94"
"SHLINE","SLECST","DECIMAL","9","95"
"SHLINE","SLESC1","DECIMAL","9","96"
"SHLINE","SLESC2","DECIMAL","9","97"
"SHLINE","SLESC3","DECIMAL","9","98"
"SHLINE","SLESC4","DECIMAL","9","99"
"SHLINE","SLESC5","DECIMAL","9","100"
"SHLINE","SLENCS","DECIMAL","9","101"
"SHLINE","SLCOMC","DECIMAL","11","102"
"SHLINE","SLPROG","CHAR","5","103"
"SHLINE","SLSRL1","CHAR","10","104"
"SHLINE","SLDYLT","CHAR","10","105"
"SHLINE","SLDOR","DATE","4","106"
"SHLINE","SLPSEQ","DECIMAL","3","107"
"SHLINE","SLWDTH","DECIMAL","3","108"
"SHLINE","SLLGTH","DECIMAL","3","109"
"SHLINE","SLCFWD","DECIMAL","3","110"
"SHLINE","SLCFLN","DECIMAL","3","111"
"SHLINE","SLCFQT","DECIMAL","9","112"
"SHLINE","SLDIV","NUMERIC","2","113"
"SHLINE","SLIITM","CHAR","18","114"
"SHLINE","SLOQOR","DECIMAL","9","115"
"SHLINE","SLOUM","CHAR","1","116"
"SHLINE","SLMD2","CHAR","1","117"
"SHLINE","SLFAC2","DECIMAL","10","118"
"SHLINE","SLTUCP","DECIMAL","9","119"
"SHLINE","SLTPOR","CHAR","1","120"
"SHLINE","SLTUCC","DECIMAL","9","121"
"SHLINE","SLTCOR","CHAR","1","122"
"SHLINE","SLTPNT","DECIMAL","9","123"
"SHLINE","SLPNOR","CHAR","1","124"
"SHLINE","SLTPGM","CHAR","5","125"
"SHLINE","SLFLR2","CHAR","23","126"
"SHLINE","SLINV#","CHAR","6","127"
"SHLINE","SLDATE","DATE","4","128"
"SHLINE","SLGRP","CHAR","18","129"
"SHLINE","SLQT#","NUMERIC","6","130"
"SHLINE","SLQTSQ","NUMERIC","3","131"
"SHLINE","SLCLM#","CHAR","10","132"
"SHLINE","SLHST#","NUMERIC","5","133"
"SHLINE","SLTADD","DECIMAL","9","134"
"SHLINE","SLMEAS","NUMERIC","7","135"
"SHLINE","SLCORE","CHAR","2","136"
"SHLINE","SLXIVSPLT#","NUMERIC","2","137"
"SHLINE","SLROUT","CHAR","5","138"
"SHLINE","SLDROP","CHAR","5","139"
"SHLINE","SLSDAT","DATE","4","140"
"SHLINE","SLOTYP","CHAR","2","141"
"SHLINE","SLCMRS","CHAR","2","142"
"SHLINE","SLPCRS","CHAR","2","143"
"SHLINE","SLPORANAME","CHAR","25","144"
"SHLINE","SLPCCOMT","CHAR","30","145"
"SHLINE","SLORIGPRIC","DECIMAL","11","146"
"SHLINE","SLMQTY","DECIMAL","7","147"
"SHLINE","SLSCTN","CHAR","5","148"
"SHLINE","SLXPAL","DECIMAL","9","149"
"SHLINE","SLSTGD","DATE","4","150"
"SHLINE","SLXBYP","CHAR","1","151"
"SHLINE","SLTDAT","DATE","4","152"
"SHLINE","SLXSYP","CHAR","1","153"
"SHLINE","SLLODC","CHAR","5","154"
"SHLINE","SLDYLTOR","CHAR","1","155"
"SHLINE","SLSERLOR","CHAR","1","156"
"SHLINE","SLMATCH","CHAR","1","157"
"SHLINE","SLMUSTINCL","CHAR","1","158"
"SHLINE","SLGL#OR","CHAR","1","159"
"SHLINE","SLCOGSGL","DECIMAL","11","160"
"SHLINE","SLCOGSGLOR","CHAR","1","161"
"SHLINE","SLINVGL","DECIMAL","11","162"
"SHLINE","SLINVGLOR","CHAR","1","163"
"SHLINE","SLSPCBUY","CHAR","1","164"
"SHLINE","SLPRCLIST","CHAR","10","165"
"SHLINE","SLPROMOCD","CHAR","1","166"
"SHLINE","SLPROMO#","CHAR","15","167"
"SHLINE","SLSTATUS","CHAR","1","168"
"SHLINE","SLBAT#","NUMERIC","6","169"
"SHLINE","SLPCOD","CHAR","2","170"
"SHLINE","SLXSCAT1","CHAR","2","171"
"SHLINE","SLXSCAT2","CHAR","2","172"
"SHLINE","SLXSCAT3","CHAR","2","173"
"SHLINE","SLOCO","NUMERIC","3","174"
"SHLINE","SLOLOC","NUMERIC","2","175"
"SHLINE","SLOORD#","NUMERIC","6","176"
"SHLINE","SLOREL#","NUMERIC","2","177"
"SHLINE","SLOSEQ#","NUMERIC","3","178"
"SHLINE","SLCST1","DECIMAL","11","179"
"SHLINE","SLCST2","DECIMAL","11","180"
"SHLINE","SLCST3","DECIMAL","11","181"
"SHLINE","SLCST4","DECIMAL","11","182"
"SHLINE","SLCST5","DECIMAL","11","183"
"SHLINE","SLSA","CHAR","1","184"
"SHLINE","SLSPBUY","CHAR","1","185"
"SHLINE","SLCLAS","CHAR","2","186"
"SHLINE","SLCLS#","NUMERIC","5","187"
"SHLINE","SLFBTP","CHAR","5","188"
"SHLINE","SLPTRN","CHAR","10","189"
"SHLINE","SLSIZE","CHAR","2","190"
"SHLINE","SLGRAD","CHAR","2","191"
"SHLINE","SLFIN","CHAR","2","192"
"SHLINE","SLGAUG","CHAR","2","193"
"SHLINE","SLSHAP","CHAR","5","194"
"SHLINE","SLSURF","CHAR","5","195"
"SHLINE","SLSPIFFVND","NUMERIC","6","196"
"SHLINE","SLSPIFFAMT","DECIMAL","9","197"
"SHLINE","SLSPIFFCDE","CHAR","1","198"
"SHLINE","SLINVSELEC","CHAR","10","199"
"SHLINE","SLEXTUCP","DECIMAL","9","200"
"SHLINE","SLEXTUCC","DECIMAL","9","201"
"SHLINE","SLEXTPNT","DECIMAL","9","202"
"SHLINE","SLEXLDAMT","DECIMAL","9","203"
"SHLINE","SLEXLDCOST","DECIMAL","9","204"
"SHLINE","SLEXLDPNT","DECIMAL","9","205"
"SHLINE","SLETUCPALL","DECIMAL","9","206"
"SHLINE","SLETUCCALL","DECIMAL","9","207"
"SHLINE","SLETPNTALL","DECIMAL","9","208"
"SHLINE","SLVITM","CHAR","18","209"
"SHLINE","SLCITM","CHAR","18","210"
"SHLINE","SLCDESC","CHAR","30","211"
"SHLINE","SLCUM","CHAR","4","212"
"SHLINE","SLCMD","CHAR","1","213"
"SHLINE","SLCFACT","DECIMAL","15","214"
"SHLINE","SLPCUM","CHAR","4","215"
"SHLINE","SLPCMD","CHAR","1","216"
"SHLINE","SLPCFACT","DECIMAL","15","217"
"SHLINE","SLREBCUST","CHAR","10","218"
"SHLINE","SLREBBASE","DECIMAL","9","219"
"SHLINE","SLWHICHBAS","CHAR","1","220"
"SHLINE","SLREBBASCD","CHAR","1","221"
"SHLINE","SLREBTGT","DECIMAL","9","222"
"SHLINE","SLWHICHTGT","CHAR","1","223"
"SHLINE","SLREBTGTCD","CHAR","1","224"
"SHLINE","SLWGHT","NUMERIC","7","225"
"SHLINE","SLWUMC","CHAR","1","226"
"SHLINE","SLCUBE","NUMERIC","7","227"
"SHLINE","SLCUMC","CHAR","1","228"
"SHLINE","SLGPMCODE","CHAR","10","229"
"SHLINE","SLEWSID","CHAR","10","230"
"SHLINE","SLEUSER","CHAR","10","231"
"SHLINE","SLETIME","NUMERIC","6","232"
"SHLINE","SLEDATE","DATE","4","233"
"SHLINE","SLIWSID","CHAR","10","234"
"SHLINE","SLIUSER","CHAR","10","235"
"SHLINE","SLITIME","NUMERIC","6","236"
"SHLINE","SLIDATE","DATE","4","237"
"SHLINE","SLSTTXBLA","DECIMAL","9","238"
"SHLINE","SLCNTXBLA","DECIMAL","9","239"
"SHLINE","SLCITXBLA","DECIMAL","9","240"
"SHLINE","SLJOB","NUMERIC","8","241"
"SHLINE","SLMINPFT","NUMERIC","4","242"
"SHLINE","SLCHGOVRP","CHAR","1","243"
"SHLINE","SLCHGPRCOP","CHAR","1","244"
"SHLINE","SLSTORE","CHAR","10","245"
"SHLINE","SLNETPRICE","DECIMAL","11","246"
"SHLINE","SLUPCWK","CHAR","48","247"
"SHLINE","SLXBYRSKU","CHAR","48","248"
"SHLINE","SLUDF1","CHAR","20","249"
"SHLINE","SLUDF2","CHAR","20","250"
"SHLINE","SLUDF3","CHAR","20","251"
"SHLINE","SLCUSTCON","CHAR","10","252"
"SHLINE","SLROUTCON","CHAR","5","253"
"SHLINE","SLSDSFLAG","CHAR","1","254"
"SHLINE","SLJOB#","CHAR","10","255"
"SHLINE","SLCOMMDATE","DATE","4","256"
"SHLINE","SLCOMPDATE","DATE","4","257"
"SHLINE","SLBOL#","NUMERIC","7","258"
"SHLINE","SLTRLR#","CHAR","5","259"
"SHLINE","SLRFACCESS","DECIMAL","9","260"
"SHLINE","SLSLMNOR","CHAR","1","261"
"SHLINE","SLTERMOR","CHAR","1","262"
"SHLINE","SLAGENTSLS","CHAR","1","263"
"SHLINE","SLAGBPRICE","NUMERIC","11","264"
"SHLINE","SLAGBCOMM","NUMERIC","6","265"
"SHLINE","SLAGAPRICE","NUMERIC","11","266"
"SHLINE","SLAGACOMM","NUMERIC","6","267"
"SHLINE","SLGUID","CHAR","32","268"
"SHLINE","SLPRICFILE","CHAR","10","269"
"SHLINE","SLPRICGUID","CHAR","32","270"
"SHLINE","SLPRICEFOR","CHAR","32","271"
"SHLINE","SLCONSGUID","CHAR","32","272"
"SHLINE","SLSELLTYPE","CHAR","3","273"
"SHTEXT","STCODE","CHAR","3","1"
"SHTEXT","STCO","NUMERIC","3","2"
"SHTEXT","STLOC","NUMERIC","2","3"
"SHTEXT","STORD#","NUMERIC","6","4"
"SHTEXT","STREL#","NUMERIC","2","5"
"SHTEXT","STSEQ#","NUMERIC","3","6"
"SHTEXT","STTSEQ","NUMERIC","3","7"
"SHTEXT","STCUST","CHAR","10","8"
"SHTEXT","STCMT1","CHAR","60","9"
"SHTEXT","STCMT2","CHAR","60","10"
"SHTEXT","STICL1","CHAR","1","11"
"SHTEXT","STICL2","CHAR","1","12"
"SHTEXT","#00601","CHAR","6","13"
"SHTEXT","STINV#","CHAR","6","14"
"SHTEXT","STDATE","DATE","4","15"
"SHTEXT","STFORMS1","CHAR","30","16"
"SHTEXT","STFORMS2","CHAR","30","17"
"SHTEXT","STWSID","CHAR","10","18"
"SHTEXT","STUSER","CHAR","10","19"
"SHTEXT","STTIME","NUMERIC","6","20"
"SHTEXT","STDATEW","DATE","4","21"
"SHTEXT","STWSID2","CHAR","10","22"
"SHTEXT","STUSER2","CHAR","10","23"
"SHTEXT","STTIME2","NUMERIC","6","24"
"SHTEXT","STDATE2","DATE","4","25"
