Account Number,Account Name,Address,City,State,Zipcode,Sales Rep Number,Sales Revenue Past 365 Days
FLO331,FLOOR CONNECTION INC.,141 BRISCO RD,ARROYO GRANDE,CA,93420,106,0.0
PRO239,PROSOURCE CINDERELLA CRPT,3510 BROAD ST,SAN LUIS OBISPO,CA,93401,19,70747.51
KNI102,KNIGHT'S CARPET & INTR(CC,3320 RAMADA DR. SUITE A,PASO ROBLES,CA,93446,19,12164.09
CRE108,CREATIVE IMAGES-(CC),4780 PAINT HORSE TRAIL,ORCUTT,CA,93455,19,10187.59
DAV130,DAVE COLLINS FLOORING-(CC,1631 SHILTON ST.,PISMO BEACH,CA,93449,19,804.04
FRO105,FRONTIER FLOOR CVRNGS  CC,830 21 STREET,PASO ROBLES,CA,93447,19,0.0
TAD104,TADA SERVICES LLC (CC),"3437 EMPRESA DRIVE, UNIT A",SAN LUIS OBISPO,CA,93401,19,0.0
FLO137,NORTH COUNTY FLR OUTLET-(,"3850 RAMADA DRIVE, E-2",PASO ROBLES,CA,93446,20,29404.53
SER101,CENTRAL COAST FLOORING(CC,225 TANK FARM RD #C4,SAN LUIS OBISPO,CA,93401,20,16288.91
MAJ109,MAJESTIC TILE & FLOOR  CC,1045 W. GRAND AVE,GROVER BEACH,CA,93433,20,11985.97
DIA114,ANGELLO'S FLOOR COVERINGS,1052 E. GRAND AVE.,ARROYO GRANDE,CA,93420,20,11775.02
HEN112,HENSON FLOORING-(CC),2055 9TH ST. SUITE B,LOS OSOS,CA,93402,20,2543.1
HAL104,HALSELL BUILDERS     (CC),3130 SKYWAY DRIVE STE 601,SANTA MARIA,CA,93455,20,244.93
BIL102,BILL EVANS HRDWD FLRS-(CC,1457 LA QUINTA DR.,NIPOMO,CA,93444,20,0.0
BRO122,BROADWAY CARPET COMPANY(C,1627 S BROADWAY,SANTA MARIA,CA,93454,20,0.0
CAL183,CAL COAST CARPET WHSE,1309 PACIFIC BLVD,OCEANO,CA,93445,20,0.0
CAR145,CARPETS UNLIMITED OF SANT,PO BOX 460,SANTA MARIA,CA,93456,20,0.0
COF101,COFIELD'S CABINETS   (CC),4526 CALIFORNIA BLVD,SANTA MARIA,CA,93455,20,0.0
FLO154,FLOOR'S OF WOOD    (CC),533 STANTON STREET,ARROYO GRANDE,CA,93420,20,0.0
GSC101,G & S CARPET COMPANY,222 E. DONEVAN ROAD,SANTA MARIA,CA,93454,20,0.0
JEF104,"JEFF'S HDWD FLRING,INC-(C",427 W.BETTERAVIA STE.A,SANTA MARIA,CA,93454,20,0.0
PAS106,PASO ROBLES FLOOR CO,6240 MONTEREY RD.,PASO ROBLES,CA,93446,20,0.0
PIN120,PINEGAR FLOORING INC - CC,591 S 6TH ST,GROVER BEACH,CA,93433,20,0.0
QUA129,QUAGLINO'S FLOORING -(CC),2015 SANTA BARBARA AVE,SAN LUIS OBISPO,CA,93401,20,0.0
SEH100,S.E. HARDWOOD-(CC),P.O. BOX 1416,PASO ROBLES,CA,93447,20,0.0
SOL111,SOLEIL FLOORS & DESIGN,705 E PINE ST #E,PASO ROBLES,CA,93446,20,0.0
TAY113,TAYLOR'D FLOOR COVER-(CC),436 GROVE LANE,NIPOMO,CA,93444,20,0.0
TEM102,TEMPLETON FLOOR COMPANY,734 S MAIN ST,TEMPLETON,CA,93465,20,0.0
PHI100,PHILLIPS FLR COVERING-(CC,3050 BROAD ST #129,SAN LUIS OBISPO,CA,93401,20,-169.98
DON109,DON'S HARDWOOD FLRS-(CC),644 HARTNEWLL RD,ORCUTT,CA,93455,888,9434.08
ABB112,ABBEY CARPET OF SANTA M,2051 S BROADWAY,SANTA MARIA,CA,93454,888,0.0
ALL120,ALL AMERICAN WD & TILE-(C,2181 CIENAGA STREET,OCEANO,CA,93445,888,0.0
BAR121,BARNICK HOME INTERIORS,174 STATION WAY,ARROYO GRANDE,CA,93420,888,0.0
FLO132,FLOORING CONCEPTS-(CC),393 PACIFIC ST,SAN LUIS OBISPO,CA,93401,888,0.0
FLO309,FLOORING DISCOUNT CENT-(C,787 HARBOR ST,MORRO BAY,CA,93442,888,0.0
GRE110,GREEN GOODS-(CC),5940 EL CAMINO REAL,ATASCADERO,CA,93422,888,0.0
GRE106,GREG'S HARDWOOD FLOORS-(C,1915 ROSITA AVE.,SANTA MARIA,CA,93458,888,0.0
IMP114,IMPERIAL FLOOR COVERING,207 E. MAIN ST.,SANTA MARIA,CA,93454,888,0.0
JPT100,J P TOOL REPAIR-(CC),3440 SACRAMENTO DR.,SAN LUIS OBISPO,CA,93401,888,0.0
KEI100,KEITH EVANS HRDWD FLRG-(C,1271 POMEROY RD,ARROYO GRANDE,CA,93420,888,0.0
LAR103,LARRY ANDERSONS HDWD-(CC,1319 RONALD PL,SANTA MARIA,CA,93458,888,0.0
MAC117,MACIE'S FLOOR COVERING (),533 FIVE CITIES DRIVE,PISMO BEACH,CA,93449,888,0.0
MIC103,MICHAEL PARK & CO-(CC),165 CERRO ROMAULDO,SAN LUIS OBISPO,CA,93405,888,0.0
MIC110,MICHAEL RUEFF HDWD FLR-(C,12600 SAN CAYETANO RD,ATASCADERO,CA,93422,888,0.0
NEX104,NEXGEN ARCH HDWDS-(CC),3232 EL CAMINO REAL,ATASCADERO,CA,93422,888,0.0
OBI100,OBISPO PACIFIC-(CC),6100 EL CAMINO REAL,ATASCADERO,CA,93422,888,0.0
PAU108,PAUL'S CONSTRUCTION  (CC),4522 EDENBURY DR.,ORCUTT,CA,93455,888,0.0
PRO123,PROSOURCE OF SAN L. OB-(C,3510 SOUTH BROAD STREET,SAN LUIS OBISPO,CA,93401,888,0.0
QUA112,QUAGLINO'S FLOORING-(CC,2015 SANTA BARBARA AVE,SAN LUIS OBISPO,CA,93401,888,0.0
LEE105,ROBERT E. LEE JR-(CC),556 SKYLINE DR.,LOS OSOS,CA,93402,888,0.0
VAL127,VALLEY FLOORING CARP ONE-,P O  BOX 7509,SANTA MARIA,CA,93456,888,0.0
MIL111,* MILLER'S HRDWD FLNG****,427-A W BETTERAVIA,SANTA MARIA,CA,93455,999,0.0
REH100,* R E HOLLAND PROF FLR,305 RED RIVER DRIVE,PASO ROBLES,CA,93446,999,0.0
